Rk,Player,Pos,Age,Tm,G,GS,MP,FG,FGA,FG%,3P,3PA,3P%,2P,2PA,2P%,eFG%,FT,FTA,FT%,ORB,DRB,TRB,AST,STL,BLK,TOV,PF,PTS
1,Alex Abrines,SG,25,OKC,31,2,19.0,1.8,5.1,.357,1.3,4.1,.323,0.5,1.0,.500,.487,0.4,0.4,.923,0.2,1.4,1.5,0.6,0.5,0.2,0.5,1.7,5.3
2,Quincy Acy,PF,28,PHO,10,0,12.3,0.4,1.8,.222,0.2,1.5,.133,0.2,0.3,.667,.278,0.7,1.0,.700,0.3,2.2,2.5,0.8,0.1,0.4,0.4,2.4,1.7
3,Jaylen Adams,PG,22,ATL,20,0,9.9,1.0,2.6,.365,0.8,2.0,.410,0.2,0.7,.231,.519,0.1,0.1,1.000,0.3,1.1,1.4,1.5,0.3,0.1,0.6,0.9,2.8
4,Steven Adams,C,25,OKC,65,65,33.9,6.2,10.2,.605,0.0,0.0,.000,6.2,10.2,.606,.605,2.1,3.9,.525,4.8,4.9,9.7,1.6,1.6,0.8,1.7,2.6,14.4
5,Bam Adebayo,C,21,MIA,66,13,22.4,3.1,5.4,.575,0.0,0.2,.100,3.1,5.2,.588,.576,2.1,2.9,.735,2.0,4.7,6.7,2.1,0.8,0.8,1.4,2.5,8.3
6,Deng Adel,SF,21,CLE,13,3,12.3,0.7,2.3,.300,0.4,1.5,.250,0.3,0.8,.400,.383,0.2,0.2,1.000,0.2,0.9,1.1,0.3,0.1,0.3,0.4,0.8,1.9
7,DeVaughn Akoon-Purcell,SG,25,DEN,7,0,3.1,0.4,1.4,.300,0.0,0.6,.000,0.4,0.9,.500,.300,0.1,0.3,.500,0.1,0.4,0.6,0.9,0.3,0.0,0.3,0.6,1.0
8,LaMarcus Aldridge,C,33,SAS,66,66,32.9,8.4,16.3,.513,0.1,0.5,.267,8.2,15.8,.521,.517,4.4,5.2,.848,3.0,5.9,9.0,2.4,0.5,1.3,1.8,2.2,21.2
9,Rawle Alkins,SG,21,CHI,3,0,2.0,0.3,1.3,.250,0.3,0.3,1.000,0.0,1.0,.000,.375,0.0,0.0,,1.0,0.0,1.0,0.7,0.3,0.0,0.0,0.3,1.0
10,Grayson Allen,SG,23,UTA,31,1,9.4,1.2,3.7,.316,0.7,2.4,.288,0.5,1.3,.366,.408,0.9,1.2,.711,0.0,0.3,0.4,0.6,0.1,0.1,0.5,1.0,3.9
11,Jarrett Allen,C,20,BRK,67,67,26.6,4.3,7.4,.590,0.1,0.6,.143,4.3,6.7,.632,.596,2.5,3.5,.705,2.5,6.0,8.5,1.5,0.6,1.5,1.3,2.3,11.2
12,Kadeem Allen,SG,26,NYK,10,1,22.5,3.7,7.6,.487,0.8,1.6,.500,2.9,6.0,.483,.539,1.9,2.6,.731,0.5,2.4,2.9,4.5,0.8,0.1,1.1,2.6,10.1
13,Al-Farouq Aminu,PF,28,POR,66,66,29.0,3.2,7.2,.440,1.3,3.5,.358,1.9,3.7,.519,.527,1.8,2.1,.850,1.4,6.2,7.6,1.3,0.8,0.4,0.9,1.9,9.4
14,Justin Anderson,SF,25,ATL,36,0,7.7,0.9,2.5,.374,0.2,1.2,.186,0.7,1.3,.542,.418,0.4,0.6,.762,0.3,0.9,1.3,0.4,0.3,0.2,0.4,0.9,2.6
15,Kyle Anderson,SF,25,MEM,43,40,29.8,3.5,6.4,.543,0.2,0.8,.265,3.3,5.6,.583,.560,0.9,1.5,.578,1.1,4.7,5.8,3.0,1.3,0.9,1.3,2.6,8.0
16,Ryan Anderson,PF,30,TOT,20,8,14.9,1.1,3.3,.323,0.5,1.9,.243,0.6,1.4,.429,.392,0.6,0.8,.750,0.8,1.6,2.4,0.9,0.2,0.1,0.7,1.3,3.2
16,Ryan Anderson,PF,30,PHO,15,8,18.5,1.3,4.0,.317,0.5,2.3,.206,0.8,1.7,.462,.375,0.7,0.9,.786,0.9,2.1,3.0,1.1,0.2,0.1,0.8,1.5,3.7
16,Ryan Anderson,PF,30,MIA,5,0,4.0,0.4,1.0,.400,0.4,0.6,.667,0.0,0.4,.000,.600,0.2,0.4,.500,0.4,0.2,0.6,0.2,0.0,0.0,0.2,0.4,1.4
17,Ike Anigbogu,C,20,IND,3,0,2.0,0.0,1.0,.000,0.0,0.0,,0.0,1.0,.000,.000,0.0,0.0,,0.3,0.7,1.0,0.3,0.0,0.3,0.3,0.0,0.0
18,Giannis Antetokounmpo,PF,24,MIL,62,62,33.0,9.9,17.1,.580,0.6,2.5,.248,9.3,14.6,.637,.598,6.6,9.2,.715,2.3,10.3,12.6,6.0,1.3,1.4,3.8,3.3,27.0
19,Carmelo Anthony,PF,34,HOU,10,2,29.4,4.9,12.1,.405,2.1,6.4,.328,2.8,5.7,.491,.492,1.5,2.2,.682,0.9,4.5,5.4,0.5,0.4,0.7,0.8,3.2,13.4
20,OG Anunoby,SF,21,TOR,57,6,20.5,2.8,6.2,.453,1.1,3.1,.345,1.7,3.1,.563,.540,0.5,0.9,.519,0.9,2.2,3.0,0.7,0.7,0.3,0.8,2.1,7.1
21,Ryan Arcidiacono,PG,24,CHI,67,27,24.6,2.1,4.7,.439,1.0,2.8,.366,1.0,1.9,.547,.548,0.9,1.1,.887,0.3,2.2,2.5,3.4,0.8,0.1,0.8,2.1,6.1
22,Trevor Ariza,SF,33,TOT,63,63,35.3,4.4,11.1,.399,2.2,6.5,.334,2.2,4.6,.491,.497,2.0,2.5,.797,0.8,4.8,5.6,3.8,1.4,0.3,1.6,2.0,13.0
22,Trevor Ariza,SF,33,PHO,26,26,34.0,3.3,8.7,.379,1.9,5.3,.360,1.4,3.4,.409,.489,1.4,1.7,.837,0.6,5.0,5.6,3.3,1.5,0.3,1.5,1.7,9.9
22,Trevor Ariza,SF,33,WAS,37,37,36.2,5.2,12.7,.409,2.4,7.3,.321,2.8,5.4,.528,.501,2.4,3.1,.783,0.9,4.7,5.6,4.2,1.3,0.2,1.6,2.1,15.2
23,D.J. Augustin,PG,31,ORL,67,67,27.6,3.7,7.9,.472,1.6,3.8,.431,2.1,4.2,.509,.574,2.3,2.6,.859,0.5,1.8,2.3,4.9,0.6,0.0,1.6,1.4,11.4
24,Deandre Ayton,C,20,PHO,62,61,31.0,7.3,12.3,.589,0.0,0.1,.000,7.3,12.3,.592,.589,2.1,2.7,.757,3.1,7.2,10.3,1.9,0.8,0.9,1.7,2.9,16.6
25,Dwayne Bacon,SG,23,CHO,28,1,12.3,1.9,3.8,.505,0.6,1.2,.471,1.4,2.6,.521,.579,0.5,0.5,.867,0.1,1.5,1.6,0.8,0.2,0.0,0.5,1.4,4.9
26,Marvin Bagley,PF,19,SAC,47,2,24.8,5.3,10.4,.509,0.3,1.3,.258,5.0,9.1,.546,.526,2.9,4.2,.697,2.5,4.7,7.2,1.0,0.6,1.0,1.6,2.0,13.9
27,Ron Baker,SG,25,TOT,15,0,10.1,0.3,1.3,.200,0.1,0.9,.077,0.2,0.5,.429,.225,0.3,0.4,.833,0.1,0.7,0.7,1.0,0.4,0.1,0.3,1.2,0.9
27,Ron Baker,SG,25,NYK,11,0,9.7,0.4,1.5,.250,0.1,0.8,.111,0.3,0.6,.429,.281,0.5,0.5,.833,0.1,0.5,0.6,1.2,0.5,0.0,0.3,1.5,1.3
27,Ron Baker,SG,25,WAS,4,0,11.3,0.0,1.0,.000,0.0,1.0,.000,0.0,0.0,,.000,0.0,0.0,,0.0,1.0,1.0,0.5,0.3,0.3,0.5,0.5,0.0
28,Wade Baldwin,PG,22,POR,16,0,5.9,0.6,2.1,.303,0.1,0.6,.222,0.5,1.5,.333,.333,0.5,0.7,.727,0.1,0.8,0.9,0.8,0.1,0.1,0.9,0.7,1.9
29,Lonzo Ball,PG,21,LAL,47,45,30.3,3.9,9.7,.406,1.6,4.9,.329,2.3,4.9,.482,.488,0.4,1.0,.417,1.1,4.2,5.3,5.4,1.5,0.4,2.2,2.4,9.9
30,Mohamed Bamba,C,20,ORL,47,1,16.3,2.5,5.2,.481,0.4,1.5,.300,2.0,3.7,.555,.525,0.8,1.3,.587,1.4,3.6,5.0,0.8,0.3,1.4,0.9,2.2,6.2
31,J.J. Barea,PG,34,DAL,38,0,19.8,4.2,10.1,.418,1.0,3.4,.297,3.2,6.8,.479,.468,1.4,2.1,.705,0.3,2.2,2.5,5.6,0.6,0.0,1.9,1.3,10.9
32,Harrison Barnes,PF-SF,26,TOT,61,61,33.1,5.7,14.0,.406,2.3,6.1,.380,3.4,7.9,.426,.489,3.2,3.9,.838,0.8,4.0,4.8,1.4,0.8,0.2,1.3,1.7,16.9
32,Harrison Barnes,PF,26,DAL,49,49,32.3,5.9,14.6,.404,2.5,6.3,.389,3.4,8.3,.416,.489,3.4,4.0,.833,0.7,3.5,4.2,1.3,0.7,0.2,1.4,1.6,17.7
32,Harrison Barnes,SF,26,SAC,12,12,36.2,4.7,11.3,.415,1.7,5.0,.333,3.0,6.3,.480,.489,2.7,3.1,.865,0.9,6.1,7.0,2.0,1.1,0.1,1.0,1.8,13.7
33,Will Barton,SG,28,DEN,26,21,27.8,4.5,11.0,.411,1.7,4.5,.364,2.9,6.5,.444,.486,1.7,2.0,.827,0.9,4.1,5.0,3.3,0.4,0.6,1.6,2.0,12.4
34,Keita Bates-Diop,SF,23,MIN,15,2,13.5,1.7,3.7,.473,0.3,1.3,.200,1.5,2.3,.629,.509,0.6,1.1,.563,0.4,1.9,2.3,0.3,0.3,0.5,0.2,0.7,4.3
35,Nicolas Batum,SF,30,CHO,66,66,32.2,3.6,7.9,.455,1.6,4.1,.392,2.0,3.8,.524,.558,1.1,1.3,.855,1.0,4.4,5.3,3.5,1.0,0.6,1.6,1.9,9.9
36,Jerryd Bayless,PG,30,MIN,22,6,19.7,2.2,6.8,.327,1.0,3.4,.307,1.2,3.4,.347,.403,0.3,0.5,.583,0.3,1.4,1.7,3.5,0.5,0.0,0.9,1.7,5.8
37,Aron Baynes,C,32,BOS,39,10,14.6,1.9,4.2,.457,0.4,1.3,.308,1.5,2.8,.527,.506,1.1,1.3,.840,1.6,2.5,4.2,1.2,0.2,0.6,0.8,2.3,5.3
38,Kent Bazemore,SG,29,ATL,54,35,25.7,4.6,10.9,.420,1.5,4.6,.324,3.1,6.3,.490,.488,2.0,2.8,.733,0.6,3.4,4.1,2.4,1.5,0.7,1.9,2.7,12.7
39,Bradley Beal,SG,25,WAS,67,67,37.6,9.4,19.9,.474,2.5,7.3,.345,6.9,12.5,.550,.538,4.4,5.4,.823,1.2,4.1,5.3,5.6,1.5,0.8,2.9,3.0,25.8
40,Malik Beasley,SG,22,DEN,65,18,24.0,4.5,9.1,.494,2.1,4.9,.428,2.4,4.2,.572,.610,0.7,0.8,.898,0.4,2.1,2.6,1.2,0.6,0.1,0.6,1.6,11.8
41,Michael Beasley,PF,30,LAL,26,2,10.7,2.9,5.9,.490,0.1,0.7,.176,2.8,5.2,.529,.500,1.1,1.5,.718,0.5,1.8,2.3,1.0,0.3,0.4,1.0,1.6,7.0
42,Marco Belinelli,SG,32,SAS,65,1,23.1,3.7,8.8,.418,2.0,5.1,.387,1.7,3.7,.461,.530,1.5,1.7,.900,0.2,2.3,2.5,1.8,0.5,0.1,0.9,1.5,10.8
43,Jordan Bell,C,24,GSW,54,2,11.6,1.4,2.7,.528,0.0,0.0,.000,1.4,2.6,.535,.528,0.4,0.6,.629,0.9,1.9,2.8,1.2,0.4,0.8,0.5,1.3,3.2
44,DeAndre' Bembry,SG,24,ATL,68,15,24.1,3.3,7.5,.436,0.6,2.2,.291,2.6,5.4,.495,.478,0.9,1.5,.606,0.6,3.6,4.2,2.4,1.2,0.6,1.7,2.3,8.1
45,Dragan Bender,PF,21,PHO,32,13,13.2,1.3,3.3,.410,0.4,1.9,.200,1.0,1.4,.689,.467,0.5,0.8,.630,0.6,2.4,3.0,0.8,0.2,0.2,0.6,1.4,3.6
46,Dairis Bertans,SG,29,NOP,1,0,6.0,0.0,1.0,.000,0.0,0.0,,0.0,1.0,.000,.000,0.0,0.0,,0.0,0.0,0.0,1.0,0.0,0.0,0.0,1.0,0.0
47,Davis Bertans,PF,26,SAS,61,12,21.5,2.7,5.8,.463,2.0,4.3,.460,0.7,1.5,.473,.633,0.7,0.7,.889,0.4,3.1,3.5,1.2,0.5,0.5,0.6,1.7,8.0
48,Patrick Beverley,PG,30,LAC,68,39,27.4,2.4,5.9,.404,1.4,3.5,.388,1.0,2.4,.428,.519,1.3,1.7,.779,0.9,4.2,5.1,3.7,0.9,0.6,1.1,3.5,7.4
49,Khem Birch,C,26,ORL,36,0,11.9,1.5,2.4,.628,0.0,0.0,.000,1.5,2.4,.635,.628,0.9,1.2,.773,1.3,2.1,3.4,0.7,0.3,0.6,0.4,1.2,3.9
50,Bismack Biyombo,C,26,CHO,39,17,14.1,1.5,2.6,.574,0.0,0.0,,1.5,2.6,.574,.574,1.2,1.7,.676,1.4,3.2,4.5,0.5,0.2,1.0,0.6,1.9,4.2
51,Nemanja Bjelica,PF,30,SAC,62,55,23.4,3.7,7.7,.477,1.5,3.5,.419,2.2,4.2,.525,.572,0.9,1.2,.781,1.6,4.2,5.8,2.0,0.7,0.8,1.2,2.5,9.7
52,Antonio Blakeney,SG,22,CHI,46,0,13.7,2.9,6.7,.430,0.7,1.6,.459,2.2,5.1,.421,.485,1.0,1.4,.688,0.1,1.4,1.5,0.5,0.2,0.2,0.6,0.6,7.5
53,Eric Bledsoe,PG,29,MIL,65,65,29.2,6.1,12.4,.491,1.5,4.9,.316,4.6,7.5,.604,.553,2.1,2.8,.760,1.0,3.6,4.6,5.4,1.4,0.4,2.0,2.0,15.9
54,Jaron Blossomgame,SF,25,CLE,27,4,16.3,1.7,3.9,.443,0.4,1.4,.256,1.4,2.5,.552,.491,0.4,0.5,.769,1.0,2.7,3.6,0.5,0.3,0.3,0.4,0.7,4.2
55,Bogdan Bogdanovic,SG,26,SAC,54,17,28.5,5.3,12.7,.416,1.9,5.5,.341,3.4,7.2,.473,.490,2.1,2.6,.827,0.5,3.3,3.7,4.0,1.1,0.2,1.8,2.1,14.6
56,Bojan Bogdanovic,SF,29,IND,67,67,31.8,6.3,12.8,.497,2.0,4.7,.429,4.3,8.0,.537,.577,2.9,3.6,.807,0.4,3.6,4.1,1.8,0.9,0.0,1.6,1.8,17.7
57,Jonah Bolden,PF,23,PHI,36,6,13.3,1.7,3.3,.508,0.6,1.9,.343,1.0,1.4,.725,.606,0.3,0.6,.476,0.9,2.6,3.5,0.8,0.4,0.9,0.9,2.2,4.3
58,Isaac Bonga,PG,19,LAL,10,0,3.8,0.2,1.0,.200,0.0,0.2,.000,0.2,0.8,.250,.200,0.6,0.9,.667,0.3,0.5,0.8,0.7,0.3,0.1,0.4,0.3,1.0
59,Devin Booker,SG,22,PHO,53,53,35.0,8.7,19.0,.459,2.1,6.4,.328,6.6,12.6,.525,.514,5.6,6.5,.871,0.6,3.5,4.1,6.7,0.9,0.2,4.0,3.2,25.1
60,Chris Boucher,PF,26,TOR,22,0,5.0,1.0,2.5,.411,0.5,1.3,.345,0.6,1.2,.481,.500,0.6,0.7,.867,0.6,1.0,1.6,0.0,0.2,0.9,0.1,1.0,3.1
61,Avery Bradley,SG,28,TOT,61,61,30.4,3.9,9.6,.407,1.4,3.8,.358,2.5,5.8,.439,.478,0.7,0.8,.857,0.7,2.1,2.8,2.4,0.7,0.3,1.4,2.7,9.8
61,Avery Bradley,SG,28,LAC,49,49,29.9,3.3,8.6,.383,1.2,3.5,.337,2.1,5.1,.415,.452,0.4,0.5,.800,0.7,2.0,2.7,2.0,0.6,0.3,1.2,2.7,8.2
61,Avery Bradley,SG,28,MEM,12,12,32.4,6.3,13.6,.466,2.1,5.0,.417,4.3,8.6,.495,.543,1.8,2.0,.917,0.5,2.9,3.4,4.2,1.2,0.0,2.0,2.4,16.6
62,Tony Bradley,C,21,UTA,1,0,9.0,0.0,3.0,.000,0.0,0.0,,0.0,3.0,.000,.000,0.0,0.0,,2.0,1.0,3.0,0.0,0.0,0.0,1.0,1.0,0.0
63,Corey Brewer,SF,32,TOT,15,3,17.3,2.3,5.3,.443,0.6,2.0,.300,1.7,3.3,.531,.500,1.3,1.7,.731,0.4,1.6,2.0,1.2,1.1,0.3,0.7,2.5,6.5
63,Corey Brewer,SF,32,PHI,7,3,20.0,2.9,7.0,.408,0.6,2.0,.286,2.3,5.0,.457,.449,1.3,1.9,.692,0.6,1.9,2.4,1.4,1.7,0.3,1.1,2.3,7.6
63,Corey Brewer,SF,32,SAC,8,0,14.9,1.9,3.8,.500,0.6,2.0,.313,1.3,1.8,.714,.583,1.3,1.6,.769,0.3,1.4,1.6,1.0,0.5,0.4,0.4,2.6,5.6
64,Mikal Bridges,SF,22,PHO,68,45,27.9,2.9,6.5,.438,1.3,3.8,.350,1.5,2.7,.562,.540,1.1,1.4,.796,0.7,2.5,3.1,2.0,1.6,0.5,0.8,2.4,8.2
65,Miles Bridges,SF,20,CHO,65,10,19.3,2.6,5.9,.449,0.7,2.3,.315,1.9,3.6,.534,.510,0.8,1.0,.746,0.8,2.9,3.6,0.9,0.6,0.6,0.6,1.4,6.8
66,Isaiah Briscoe,PG,22,ORL,39,0,14.3,1.4,3.5,.399,0.3,0.9,.324,1.1,2.7,.423,.438,0.4,0.7,.577,0.1,1.8,1.9,2.2,0.3,0.1,0.8,1.7,3.5
67,Ryan Broekhoff,SG,28,DAL,30,0,8.4,1.0,2.4,.411,0.7,1.8,.364,0.3,0.6,.556,.548,0.1,0.1,1.000,0.1,0.9,1.0,0.5,0.1,0.1,0.2,0.6,2.7
68,Malcolm Brogdon,SG,26,MIL,62,62,29.1,6.0,11.9,.505,1.6,3.8,.429,4.3,8.0,.541,.574,2.2,2.4,.927,1.0,3.6,4.6,3.3,0.7,0.2,1.4,1.6,15.9
69,Dillon Brooks,SF,23,MEM,18,0,18.3,2.7,6.8,.402,0.8,2.2,.375,1.9,4.6,.415,.463,1.2,1.7,.733,0.5,1.2,1.7,0.9,0.6,0.2,1.1,2.8,7.5
70,MarShon Brooks,SG,30,MEM,29,0,13.3,2.6,5.8,.450,0.5,1.9,.278,2.1,4.0,.530,.494,0.8,1.1,.697,0.4,1.1,1.6,0.9,0.3,0.1,0.7,1.1,6.6
71,Bruce Brown,SG,22,DET,58,40,20.1,1.8,4.7,.393,0.4,1.4,.259,1.5,3.3,.450,.431,0.6,0.9,.700,0.7,2.0,2.7,1.2,0.4,0.5,0.7,2.6,4.6
72,Jaylen Brown,SG,22,BOS,63,24,25.9,4.9,10.9,.455,1.2,3.8,.319,3.7,7.1,.527,.510,1.8,2.6,.685,0.9,3.5,4.4,1.3,1.0,0.5,1.3,2.6,12.8
73,Lorenzo Brown,PG,28,TOR,26,0,8.2,0.9,2.7,.324,0.2,1.1,.214,0.7,1.7,.395,.366,0.1,0.1,1.000,0.2,1.0,1.2,1.1,0.5,0.2,0.6,0.8,2.1
74,Sterling Brown,SG,23,MIL,48,0,16.0,2.0,4.4,.455,0.8,2.3,.360,1.2,2.1,.559,.549,0.4,0.5,.720,0.5,2.3,2.8,1.3,0.4,0.1,0.7,1.4,5.3
75,Troy Brown,SF,19,WAS,37,0,8.6,1.1,2.9,.393,0.2,0.8,.276,0.9,2.1,.436,.430,0.5,0.8,.714,0.4,1.4,1.8,1.2,0.3,0.1,0.3,0.8,3.0
76,Jalen Brunson,PG,22,DAL,58,24,19.8,3.1,6.9,.447,0.8,2.2,.346,2.3,4.7,.494,.503,1.0,1.4,.722,0.3,1.9,2.2,2.7,0.5,0.1,1.1,1.6,7.9
77,Thomas Bryant,C,21,WAS,57,43,19.0,3.9,6.3,.620,0.4,1.1,.354,3.5,5.1,.679,.652,1.4,1.7,.806,1.4,4.2,5.6,1.2,0.4,0.9,0.7,1.6,9.6
78,Reggie Bullock,SG,27,TOT,55,54,30.5,3.9,9.6,.411,2.4,6.3,.379,1.5,3.2,.472,.536,1.2,1.4,.842,0.4,2.4,2.8,2.2,0.6,0.2,1.1,1.8,11.4
78,Reggie Bullock,SG,27,DET,44,44,30.8,4.1,10.0,.413,2.6,6.7,.388,1.5,3.3,.463,.542,1.3,1.5,.875,0.5,2.3,2.8,2.5,0.5,0.1,1.2,1.8,12.1
78,Reggie Bullock,SG,27,LAL,11,10,29.5,3.1,7.7,.400,1.6,4.9,.333,1.5,2.8,.516,.506,0.7,1.1,.667,0.1,2.8,2.9,1.3,0.6,0.5,0.5,1.7,8.5
79,Trey Burke,PG,26,TOT,44,7,19.2,4.0,9.6,.417,0.8,2.5,.343,3.2,7.1,.443,.461,1.8,2.1,.828,0.5,1.4,1.9,2.6,0.6,0.1,0.9,0.9,10.6
79,Trey Burke,PG,26,NYK,33,7,20.9,4.5,10.8,.413,0.9,2.6,.349,3.6,8.2,.434,.455,1.9,2.3,.827,0.5,1.4,1.9,2.8,0.6,0.2,0.9,1.0,11.8
79,Trey Burke,PG,26,DAL,11,0,14.1,2.5,5.8,.438,0.6,2.0,.318,1.9,3.8,.500,.492,1.4,1.6,.833,0.6,1.2,1.8,1.7,0.6,0.0,1.0,0.7,7.1
80,Alec Burks,SG,27,TOT,60,24,22.4,3.2,7.9,.406,1.0,2.8,.365,2.2,5.1,.428,.470,1.9,2.4,.823,0.5,3.3,3.8,2.1,0.6,0.4,1.1,1.5,9.4
80,Alec Burks,SG,27,UTA,17,0,15.8,2.8,6.7,.412,0.9,2.5,.372,1.8,4.2,.437,.482,1.9,2.2,.868,0.1,1.5,1.6,1.2,0.4,0.2,0.9,1.3,8.4
80,Alec Burks,SG,27,CLE,34,24,28.8,4.0,10.0,.400,1.3,3.5,.378,2.7,6.5,.412,.466,2.3,2.9,.806,0.8,4.7,5.5,2.9,0.7,0.5,1.4,1.8,11.6
80,Alec Burks,SG,27,SAC,9,0,10.3,1.0,2.1,.474,0.0,0.6,.000,1.0,1.6,.643,.474,0.4,0.6,.800,0.1,1.6,1.7,0.6,0.4,0.1,0.2,0.6,2.4
81,Deonte Burton,SG,25,OKC,24,0,8.4,1.2,2.8,.439,0.3,0.9,.333,0.9,1.9,.489,.492,0.3,0.3,.750,0.1,0.8,0.9,0.3,0.2,0.3,0.4,1.2,3.0
82,Jimmy Butler,SF-SG,29,TOT,55,55,33.6,6.6,14.0,.470,1.1,3.0,.347,5.5,11.0,.504,.508,4.7,5.5,.857,1.8,3.3,5.1,4.0,1.9,0.6,1.5,1.6,18.9
82,Jimmy Butler,SG,29,MIN,10,10,36.1,7.4,15.7,.471,1.7,4.5,.378,5.7,11.2,.509,.525,4.8,6.1,.787,1.6,3.6,5.2,4.3,2.4,1.0,1.4,1.8,21.3
82,Jimmy Butler,SF,29,PHI,45,45,33.1,6.4,13.7,.470,0.9,2.7,.336,5.5,11.0,.503,.503,4.7,5.3,.875,1.9,3.3,5.1,3.9,1.8,0.5,1.5,1.6,18.4
83,Bruno Caboclo,SF,23,MEM,20,7,20.6,2.0,5.2,.385,1.0,3.3,.292,1.1,2.0,.538,.476,1.0,1.1,.909,0.9,2.7,3.5,1.2,0.4,1.0,1.0,2.6,6.0
84,Jose Calderon,PG,37,DET,48,0,13.1,0.9,2.5,.378,0.3,1.2,.250,0.6,1.3,.492,.437,0.2,0.2,.818,0.2,1.0,1.3,2.4,0.3,0.1,0.7,1.3,2.4
85,Kentavious Caldwell-Pope,SG,25,LAL,66,13,22.9,3.2,7.6,.425,1.5,4.4,.336,1.8,3.2,.547,.522,1.4,1.7,.856,0.5,2.0,2.5,1.1,0.8,0.2,0.7,1.5,9.4
86,Isaiah Canaan,PG,27,TOT,30,16,21.0,2.1,5.5,.390,1.1,3.2,.354,1.0,2.3,.441,.494,0.6,0.8,.792,0.2,1.7,1.9,2.8,0.5,0.1,1.2,1.7,6.0
86,Isaiah Canaan,PG,27,PHO,19,15,26.5,2.7,6.8,.395,1.3,3.8,.347,1.4,3.0,.456,.492,0.8,1.1,.750,0.3,2.3,2.6,3.3,0.6,0.0,1.5,2.4,7.5
86,Isaiah Canaan,PG,27,MIN,7,1,13.6,1.6,4.1,.379,1.0,2.7,.368,0.6,1.4,.400,.500,0.6,0.6,1.000,0.0,0.7,0.7,2.7,0.3,0.1,0.6,0.6,4.7
86,Isaiah Canaan,PG,27,MIL,4,0,7.8,0.5,1.5,.333,0.5,1.3,.400,0.0,0.3,.000,.500,0.0,0.0,,0.3,0.8,1.0,0.8,0.0,0.3,0.5,0.5,1.5
87,Clint Capela,C,24,HOU,52,52,34.1,7.2,11.3,.635,0.0,0.0,,7.2,11.3,.635,.635,2.4,3.9,.620,4.7,7.8,12.5,1.4,0.7,1.6,1.5,2.6,16.8
88,DeMarre Carroll,SF,32,BRK,56,0,25.1,3.3,8.4,.396,1.6,4.5,.352,1.8,3.9,.445,.489,2.8,3.8,.750,1.0,4.3,5.3,1.3,0.5,0.1,1.1,1.6,11.1
89,Jevon Carter,PG,23,MEM,28,3,14.6,1.1,4.2,.271,0.6,2.2,.274,0.5,2.0,.268,.343,0.4,0.6,.688,0.2,1.2,1.4,1.6,0.8,0.4,0.9,1.6,3.3
90,Vince Carter,SF,42,ATL,63,8,16.7,2.5,5.8,.431,1.5,3.8,.397,1.0,2.0,.496,.561,0.5,0.8,.673,0.4,2.1,2.5,1.1,0.6,0.3,0.6,1.9,7.1
91,Wendell Carter,C,19,CHI,44,44,25.2,4.1,8.4,.485,0.1,0.7,.188,4.0,7.7,.513,.493,2.0,2.5,.795,2.0,5.0,7.0,1.8,0.6,1.3,1.5,3.5,10.3
92,Michael Carter-Williams,PG,27,HOU,16,1,9.1,1.6,3.8,.410,0.4,1.2,.368,1.1,2.6,.429,.467,0.8,1.6,.462,0.2,0.6,0.8,1.3,0.6,0.4,0.6,1.7,4.3
93,Alex Caruso,PG,24,LAL,9,0,9.4,1.2,2.0,.611,0.2,0.6,.400,1.0,1.4,.692,.667,0.6,0.9,.625,0.2,0.8,1.0,0.8,0.0,0.3,0.1,1.3,3.2
94,Omri Casspi,SF,30,MEM,36,0,14.4,2.4,4.5,.534,0.4,1.2,.349,2.0,3.3,.602,.581,1.1,1.6,.672,0.5,2.7,3.2,0.7,0.6,0.3,0.6,1.0,6.3
95,Willie Cauley-Stein,C,25,SAC,66,66,27.9,5.3,9.8,.542,0.0,0.0,.500,5.3,9.7,.542,.543,1.8,3.4,.541,2.3,6.1,8.4,2.5,1.2,0.7,1.1,2.9,12.4
96,Troy Caupain,PG,23,ORL,2,0,4.5,1.0,2.0,.500,0.5,1.0,.500,0.5,1.0,.500,.625,0.0,0.0,,0.0,1.0,1.0,1.5,0.5,0.0,0.0,0.0,2.5
97,Tyler Cavanaugh,PF,24,UTA,8,0,2.4,0.3,0.8,.333,0.0,0.4,.000,0.3,0.4,.667,.333,0.3,0.3,1.000,0.1,0.4,0.5,0.0,0.0,0.0,0.1,0.0,0.8
98,Tyson Chandler,C,36,TOT,53,6,16.0,1.1,1.8,.608,0.0,0.0,.000,1.1,1.8,.615,.608,0.9,1.6,.590,1.7,3.9,5.6,0.7,0.4,0.4,0.7,2.0,3.2
98,Tyson Chandler,C,36,PHO,7,0,12.7,1.1,1.7,.667,0.0,0.0,,1.1,1.7,.667,.667,1.4,2.6,.556,1.0,4.6,5.6,0.9,0.3,0.1,1.0,3.0,3.7
98,Tyson Chandler,C,36,LAL,46,6,16.5,1.1,1.8,.600,0.0,0.0,.000,1.1,1.8,.607,.600,0.8,1.4,.600,1.8,3.8,5.6,0.7,0.4,0.5,0.7,1.9,3.1
99,Wilson Chandler,PF,31,TOT,37,32,25.9,2.5,5.6,.440,1.2,3.2,.387,1.2,2.4,.511,.550,0.4,0.5,.722,1.2,3.4,4.6,2.0,0.6,0.5,1.1,2.5,6.6
99,Wilson Chandler,PF,31,PHI,36,32,26.4,2.5,5.8,.440,1.3,3.3,.390,1.3,2.5,.506,.551,0.4,0.5,.722,1.2,3.4,4.7,2.0,0.6,0.5,1.1,2.6,6.7
99,Wilson Chandler,F,31,LAC,1,0,9.0,1.0,2.0,.500,0.0,1.0,.000,1.0,1.0,1.000,.500,0.0,0.0,,0.0,2.0,2.0,1.0,0.0,0.0,0.0,0.0,2.0
100,Joe Chealey,PG,23,CHO,1,0,8.0,1.0,3.0,.333,0.0,0.0,,1.0,3.0,.333,.333,0.0,0.0,,0.0,0.0,0.0,1.0,0.0,0.0,0.0,1.0,2.0
101,Marquese Chriss,PF,21,TOT,29,2,11.6,1.6,4.1,.375,0.5,1.9,.268,1.0,2.2,.469,.438,0.7,1.0,.714,0.8,2.3,3.1,0.6,0.4,0.3,1.0,2.0,4.3
101,Marquese Chriss,PF,21,HOU,16,0,6.5,0.7,2.1,.324,0.1,0.9,.067,0.6,1.2,.526,.338,0.4,0.4,.857,0.4,1.3,1.8,0.4,0.1,0.3,0.8,1.1,1.8
101,Marquese Chriss,PF,21,CLE,13,2,17.8,2.6,6.6,.395,1.1,3.2,.341,1.5,3.5,.444,.477,1.1,1.6,.667,1.2,3.5,4.8,0.8,0.7,0.3,1.2,3.2,7.4
102,Gary Clark,PF,24,HOU,42,2,13.9,1.0,2.9,.339,0.8,2.6,.303,0.2,0.3,.667,.475,0.2,0.2,1.000,0.5,2.0,2.5,0.4,0.4,0.6,0.1,1.0,2.9
103,Ian Clark,SG,27,NOP,47,0,13.4,1.9,4.6,.407,0.8,2.3,.343,1.1,2.3,.472,.493,0.4,0.4,.944,0.2,1.1,1.3,1.2,0.3,0.1,0.9,1.3,4.9
104,Jordan Clarkson,SG,26,CLE,66,0,27.0,6.5,14.6,.447,2.0,5.7,.345,4.5,8.8,.514,.515,2.0,2.3,.843,1.0,2.4,3.4,2.4,0.7,0.2,1.7,1.5,17.0
105,John Collins,PF,21,ATL,49,47,29.9,7.7,13.4,.572,0.9,2.5,.377,6.8,11.0,.616,.607,3.4,4.5,.768,3.5,6.2,9.8,1.9,0.3,0.5,2.0,3.3,19.8
106,Zach Collins,C,21,POR,62,0,17.6,2.3,5.0,.463,0.5,1.5,.323,1.8,3.5,.523,.511,1.2,1.6,.776,1.4,2.8,4.2,1.0,0.4,0.8,1.0,2.4,6.4
107,Darren Collison,PG,31,IND,67,67,28.3,4.0,8.4,.470,1.1,2.6,.416,2.9,5.9,.494,.534,2.0,2.4,.829,0.5,2.6,3.1,6.0,1.4,0.1,1.6,1.7,11.0
108,Bonzie Colson,SF,23,MIL,1,0,3.0,0.0,1.0,.000,0.0,1.0,.000,0.0,0.0,,.000,0.0,0.0,,0.0,0.0,0.0,0.0,0.0,0.0,0.0,0.0,0.0
109,Mike Conley,PG,31,MEM,64,64,33.3,6.9,15.9,.433,2.2,6.0,.361,4.7,9.9,.477,.501,4.6,5.5,.846,0.6,2.8,3.4,6.3,1.4,0.3,1.9,1.8,20.6
110,Pat Connaughton,SG,26,MIL,46,1,18.2,2.3,5.2,.443,0.9,3.0,.297,1.4,2.2,.646,.530,0.4,0.5,.708,0.9,2.5,3.4,1.9,0.4,0.4,0.5,1.3,5.8
111,Quinn Cook,PG,25,GSW,58,8,13.4,2.5,5.7,.439,0.9,2.5,.377,1.5,3.1,.489,.523,0.3,0.3,.750,0.3,1.8,2.1,1.5,0.3,0.1,0.6,1.2,6.2
112,DeMarcus Cousins,C,28,GSW,19,19,25.5,5.3,11.7,.450,0.7,3.2,.233,4.5,8.5,.531,.482,3.9,5.1,.773,1.3,6.6,7.8,3.3,1.3,1.6,2.3,3.7,15.2
113,Robert Covington,SF,28,TOT,35,35,34.4,4.5,10.3,.431,2.4,6.4,.378,2.0,3.9,.518,.548,1.9,2.5,.764,0.8,4.7,5.5,1.3,2.1,1.3,1.3,3.6,13.3
113,Robert Covington,SF,28,PHI,13,13,33.8,3.8,9.0,.427,2.3,5.9,.390,1.5,3.1,.500,.556,1.3,1.8,.739,0.5,4.6,5.2,1.1,1.8,1.8,1.7,3.5,11.3
113,Robert Covington,SF,28,MIN,22,22,34.7,4.8,11.1,.433,2.5,6.7,.372,2.3,4.4,.526,.545,2.3,3.0,.773,1.0,4.8,5.7,1.5,2.3,1.1,1.1,3.7,14.5
114,Allen Crabbe,SG,26,BRK,42,19,26.1,3.2,8.7,.368,2.3,6.0,.381,0.9,2.7,.339,.500,1.0,1.3,.732,0.4,3.1,3.5,1.0,0.5,0.3,1.0,2.4,9.6
115,Torrey Craig,SF,28,DEN,59,37,20.9,2.2,5.1,.428,0.7,2.5,.287,1.4,2.5,.570,.500,0.6,0.9,.660,1.3,2.4,3.7,0.9,0.6,0.6,0.7,2.3,5.7
116,Jamal Crawford,SG,38,PHO,54,0,17.5,2.2,6.1,.364,0.8,2.7,.297,1.4,3.3,.419,.431,1.2,1.4,.831,0.1,1.1,1.2,3.3,0.5,0.2,1.5,1.2,6.4
117,Mitch Creek,SF,26,BRK,4,0,9.0,1.3,2.5,.500,0.0,0.3,.000,1.3,2.3,.556,.500,1.3,1.8,.714,1.3,1.3,2.5,1.3,0.3,0.0,0.0,0.8,3.8
118,Jae Crowder,SF,28,UTA,65,8,27.9,4.0,10.2,.395,2.2,6.7,.333,1.8,3.5,.513,.504,1.7,2.5,.687,0.8,4.1,5.0,1.7,0.8,0.4,1.1,2.2,12.0
119,Dante Cunningham,PF,31,SAS,58,21,15.1,1.3,2.6,.497,0.5,1.1,.484,0.8,1.5,.506,.597,0.2,0.3,.778,0.8,2.4,3.2,0.8,0.4,0.2,0.4,1.2,3.3
120,Seth Curry,SG,28,POR,60,2,17.2,2.4,5.3,.447,1.3,2.9,.451,1.1,2.5,.442,.569,0.5,0.6,.853,0.3,1.1,1.4,0.9,0.4,0.2,0.8,1.3,6.6
121,Stephen Curry,PG,30,GSW,55,55,34.4,9.4,19.8,.475,5.1,11.9,.430,4.3,7.9,.543,.604,4.0,4.4,.917,0.6,4.7,5.3,5.2,1.3,0.4,2.9,2.5,27.9
122,Troy Daniels,SG,27,PHO,37,0,12.9,2.1,4.8,.427,1.3,3.5,.383,0.7,1.4,.540,.565,0.4,0.5,.778,0.2,0.9,1.1,0.4,0.5,0.1,0.6,1.3,5.8
123,Anthony Davis,C,25,NOP,52,52,33.9,9.6,18.7,.514,0.9,2.6,.336,8.8,16.1,.544,.538,6.5,8.1,.796,3.1,9.1,12.2,4.0,1.6,2.5,2.0,2.5,26.6
124,Ed Davis,C,29,BRK,68,1,18.1,2.3,3.7,.610,0.0,0.0,.000,2.3,3.7,.615,.610,1.2,2.0,.590,2.6,5.9,8.5,0.8,0.5,0.4,0.8,2.8,5.7
125,Tyler Davis,C,21,OKC,1,0,1.0,0.0,1.0,.000,0.0,0.0,,0.0,1.0,.000,.000,0.0,0.0,,1.0,0.0,1.0,0.0,0.0,0.0,0.0,0.0,0.0
126,Dewayne Dedmon,C,29,ATL,56,44,25.1,4.0,8.1,.493,1.3,3.3,.384,2.8,4.8,.568,.571,1.5,1.8,.814,1.6,5.7,7.3,1.4,1.1,1.1,1.4,3.3,10.8
127,Sam Dekker,SF-PF,24,TOT,40,5,16.5,2.7,5.3,.502,0.4,1.1,.333,2.3,4.2,.548,.538,0.6,1.0,.590,1.1,2.2,3.3,1.0,0.8,0.2,0.5,1.0,6.3
127,Sam Dekker,PF,24,CLE,9,5,18.8,2.4,5.3,.458,0.6,1.4,.385,1.9,3.9,.486,.510,0.9,1.1,.800,1.0,2.7,3.7,1.0,1.2,0.0,0.6,1.4,6.3
127,Sam Dekker,SF,24,WAS,31,0,15.8,2.7,5.3,.515,0.3,1.0,.313,2.4,4.3,.564,.545,0.5,0.9,.517,1.1,2.1,3.2,0.9,0.7,0.2,0.5,0.8,6.3
128,Angel Delgado,C,24,LAC,1,0,14.0,1.0,4.0,.250,0.0,0.0,,1.0,4.0,.250,.250,1.0,2.0,.500,2.0,2.0,4.0,0.0,1.0,0.0,0.0,2.0,3.0
129,Matthew Dellavedova,PG,28,TOT,48,0,16.9,2.0,5.0,.405,0.9,2.7,.338,1.1,2.3,.482,.496,0.9,1.1,.808,0.1,1.5,1.6,3.8,0.3,0.0,1.4,1.6,5.9
129,Matthew Dellavedova,PG,28,MIL,12,0,8.1,0.5,1.6,.316,0.3,0.9,.364,0.2,0.7,.250,.421,0.3,0.3,1.000,0.0,0.8,0.8,2.4,0.2,0.0,0.9,0.8,1.7
129,Matthew Dellavedova,PG,28,CLE,36,0,19.9,2.6,6.2,.413,1.1,3.3,.336,1.4,2.9,.500,.502,1.1,1.3,.792,0.2,1.7,1.9,4.2,0.3,0.1,1.6,1.8,7.3
130,Luol Deng,SF,33,MIN,22,2,17.8,2.7,5.4,.500,0.6,2.0,.318,2.0,3.4,.608,.559,1.1,1.6,.714,0.9,2.4,3.3,0.8,0.7,0.4,0.6,1.1,7.1
131,DeMar DeRozan,SG,29,SAS,62,62,35.2,8.4,17.7,.473,0.1,0.7,.167,8.2,17.0,.485,.476,4.7,5.7,.820,0.7,5.4,6.1,6.1,1.1,0.5,2.6,2.3,21.5
132,Marcus Derrickson,PF,22,GSW,9,0,6.0,1.1,2.7,.417,0.6,1.6,.357,0.6,1.1,.500,.521,0.3,0.4,.750,0.6,0.3,0.9,0.1,0.0,0.1,0.3,1.0,3.1
133,Cheick Diallo,PF,22,NOP,51,0,12.6,2.4,3.9,.619,0.0,0.0,.000,2.4,3.8,.626,.619,0.8,1.1,.714,1.1,3.6,4.7,0.4,0.5,0.5,0.7,1.5,5.6
134,Hamidou Diallo,SG,20,OKC,46,3,11.2,1.6,3.5,.463,0.1,0.5,.174,1.5,3.0,.511,.475,0.8,1.3,.610,0.8,1.3,2.1,0.4,0.4,0.2,0.5,1.6,4.1
135,Gorgui Dieng,C,29,MIN,61,0,13.0,2.1,4.4,.485,0.2,0.7,.295,1.9,3.6,.523,.509,1.0,1.1,.871,1.0,3.0,4.0,0.8,0.6,0.5,0.6,1.8,5.4
136,Spencer Dinwiddie,PG,25,BRK,55,4,28.2,5.7,12.3,.461,1.9,5.4,.361,3.7,6.9,.538,.540,4.1,5.2,.793,0.4,2.1,2.5,5.0,0.6,0.3,2.3,2.8,17.4
137,Donte DiVincenzo,SG,22,MIL,26,0,15.3,1.9,4.7,.398,0.8,3.2,.256,1.1,1.6,.683,.484,0.3,0.5,.750,0.6,1.8,2.4,1.2,0.5,0.2,0.7,1.4,4.9
138,Luka Doncic,SG,19,DAL,62,62,32.2,7.0,16.1,.432,2.4,7.0,.346,4.5,9.0,.499,.508,4.7,6.6,.720,1.1,6.3,7.4,5.6,1.1,0.4,3.3,1.9,21.1
139,Tyler Dorsey,SG,22,TOT,34,0,8.9,1.2,3.1,.383,0.4,1.4,.286,0.8,1.7,.466,.449,0.5,0.9,.600,0.4,1.3,1.6,0.6,0.2,0.0,0.4,0.7,3.4
139,Tyler Dorsey,SG,22,ATL,27,0,9.3,1.2,3.3,.360,0.4,1.4,.256,0.8,1.9,.440,.416,0.6,1.0,.615,0.3,1.3,1.6,0.6,0.3,0.0,0.4,0.7,3.3
139,Tyler Dorsey,SG,22,MEM,7,0,7.1,1.3,2.6,.500,0.6,1.4,.400,0.7,1.1,.625,.611,0.3,0.6,.500,0.4,1.3,1.7,0.3,0.1,0.0,0.6,0.7,3.4
140,Damyean Dotson,SG,24,NYK,58,25,25.8,3.8,9.1,.421,1.6,4.2,.380,2.2,4.8,.457,.510,1.0,1.4,.725,0.6,3.1,3.7,1.7,0.8,0.1,0.8,1.8,10.2
141,PJ Dozier,SG,22,BOS,4,0,2.5,0.8,1.5,.500,0.3,0.5,.500,0.5,1.0,.500,.583,0.0,0.0,,0.5,0.5,1.0,0.0,0.0,0.0,0.0,0.3,1.8
142,Goran Dragic,PG,32,MIA,20,14,26.4,5.3,12.3,.427,1.6,4.7,.333,3.7,7.7,.484,.490,2.9,3.6,.792,0.4,2.4,2.8,4.1,0.6,0.2,2.2,2.3,14.9
143,Andre Drummond,C,25,DET,63,63,33.1,7.2,13.6,.532,0.1,0.6,.135,7.1,13.0,.550,.535,3.0,5.2,.579,5.1,10.2,15.3,1.2,1.7,1.7,2.2,3.4,17.5
144,Jared Dudley,PF,33,BRK,48,25,20.7,1.6,4.1,.403,0.8,2.6,.320,0.8,1.5,.549,.505,0.5,0.7,.629,0.5,2.1,2.6,1.4,0.6,0.3,0.8,2.3,4.6
145,Kris Dunn,PG,24,CHI,40,38,30.5,4.6,10.6,.428,0.7,2.0,.342,3.9,8.7,.448,.460,1.1,1.4,.786,0.4,3.7,4.1,6.0,1.5,0.5,2.3,3.6,10.9
146,Kevin Durant,PF,30,GSW,65,65,35.4,9.6,18.8,.513,1.9,5.2,.359,7.8,13.6,.571,.562,6.3,7.1,.881,0.5,6.2,6.7,5.7,0.8,1.2,3.0,2.0,27.4
147,Trevon Duval,PG,20,MIL,3,0,2.0,0.7,1.0,.667,0.3,0.3,1.000,0.3,0.7,.500,.833,0.0,0.0,,0.0,0.3,0.3,0.7,0.0,0.0,0.0,0.0,1.7
148,Vince Edwards,SF,22,HOU,2,0,8.0,0.5,2.0,.250,0.5,2.0,.250,0.0,0.0,,.375,0.0,0.0,,0.5,0.5,1.0,0.0,0.0,0.0,0.0,0.0,1.5
149,Henry Ellenson,PF,22,TOT,9,0,14.6,1.8,5.2,.340,1.1,2.6,.435,0.7,2.7,.250,.447,0.8,0.9,.875,0.2,3.6,3.8,0.8,0.6,0.0,0.4,1.7,5.4
149,Henry Ellenson,PF,22,DET,2,0,12.5,2.0,5.0,.400,1.0,2.0,.500,1.0,3.0,.333,.500,1.0,1.0,1.000,0.0,4.5,4.5,0.5,0.0,0.0,0.0,1.0,6.0
149,Henry Ellenson,PF,22,NYK,7,0,15.1,1.7,5.3,.324,1.1,2.7,.421,0.6,2.6,.222,.432,0.7,0.9,.833,0.3,3.3,3.6,0.9,0.7,0.0,0.6,1.9,5.3
150,Wayne Ellington,SG,31,TOT,37,22,22.5,2.9,7.6,.382,2.4,6.4,.370,0.6,1.3,.438,.535,0.5,0.6,.792,0.2,1.7,1.9,1.2,0.9,0.1,0.7,1.7,8.7
150,Wayne Ellington,SG,31,MIA,25,12,21.3,2.8,7.4,.375,2.3,6.2,.368,0.5,1.2,.414,.530,0.6,0.6,.875,0.2,1.6,1.9,1.2,1.0,0.1,0.6,1.6,8.4
150,Wayne Ellington,SG,31,DET,12,10,25.0,3.3,8.3,.394,2.5,6.7,.375,0.8,1.6,.474,.545,0.4,0.7,.625,0.1,1.9,2.0,1.3,0.9,0.1,1.0,2.0,9.4
151,Joel Embiid,C,24,PHI,55,55,33.6,9.0,18.6,.483,1.2,4.0,.292,7.8,14.6,.535,.514,8.3,10.2,.809,2.5,11.0,13.5,3.4,0.6,1.9,3.6,3.4,27.4
152,James Ennis,SF,28,TOT,49,25,21.8,2.4,5.1,.472,1.0,2.8,.353,1.4,2.3,.616,.569,1.0,1.4,.750,0.9,2.0,2.9,0.6,0.8,0.4,0.6,2.5,6.8
152,James Ennis,SF,28,HOU,40,25,23.7,2.6,5.3,.493,1.1,3.0,.367,1.5,2.3,.659,.597,1.1,1.5,.724,0.9,2.0,2.9,0.7,1.0,0.4,0.6,2.8,7.4
152,James Ennis,SF,28,PHI,9,0,13.2,1.4,4.1,.351,0.4,1.8,.250,1.0,2.3,.429,.405,1.0,1.1,.900,1.0,2.0,3.0,0.4,0.2,0.2,0.4,1.2,4.3
153,Drew Eubanks,PF,21,SAS,18,0,5.0,0.8,1.1,.737,0.0,0.0,,0.8,1.1,.737,.737,0.6,0.7,.846,0.2,1.1,1.2,0.3,0.1,0.2,0.3,0.5,2.2
154,Jacob Evans,SG,21,GSW,24,0,4.8,0.4,1.2,.321,0.0,0.3,.167,0.3,0.9,.364,.339,0.0,0.0,.000,0.1,0.4,0.5,0.6,0.0,0.0,0.3,0.6,0.8
155,Jawun Evans,PG,22,PHO,7,0,9.1,0.4,1.9,.231,0.0,0.3,.000,0.4,1.6,.273,.231,0.0,0.0,,0.1,1.6,1.7,1.4,0.4,0.0,0.9,1.1,0.9
156,Tyreke Evans,SG,29,IND,57,15,19.8,3.6,9.3,.382,1.1,3.2,.351,2.4,6.1,.399,.444,1.6,2.1,.754,0.5,2.2,2.7,2.3,0.9,0.3,1.7,1.6,9.9
157,Dante Exum,PG,23,UTA,40,1,16.3,2.5,6.0,.423,0.5,1.5,.295,2.1,4.5,.466,.460,1.7,2.2,.791,0.4,1.3,1.7,2.8,0.4,0.1,1.2,1.6,7.2
158,Kenneth Faried,C,29,TOT,29,13,20.1,4.4,7.3,.596,0.2,0.7,.368,4.1,6.7,.619,.613,1.9,2.9,.655,2.8,4.2,7.0,0.6,0.4,0.7,0.9,2.2,10.9
158,Kenneth Faried,C,29,BRK,12,0,9.8,2.1,3.5,.595,0.1,0.4,.200,2.0,3.1,.649,.607,0.8,1.3,.625,1.3,2.4,3.7,0.2,0.2,0.3,0.5,0.7,5.1
158,Kenneth Faried,C,29,HOU,17,13,27.4,6.0,10.1,.596,0.4,0.8,.429,5.6,9.2,.611,.614,2.6,4.0,.662,3.9,5.5,9.4,0.9,0.6,0.9,1.2,3.3,15.0
159,Derrick Favors,C,27,UTA,65,59,23.4,4.6,7.9,.578,0.2,1.1,.225,4.3,6.8,.634,.593,2.1,3.1,.688,2.7,4.6,7.3,1.1,0.8,1.4,1.1,2.2,11.5
160,Cristiano Felicio,C,26,CHI,46,0,10.1,1.3,2.4,.532,0.0,0.0,.000,1.3,2.4,.541,.532,0.7,1.0,.667,1.0,1.8,2.8,0.5,0.1,0.1,0.4,1.0,3.2
161,Raymond Felton,PG,34,OKC,24,0,11.8,1.9,4.5,.421,0.5,1.8,.273,1.4,2.6,.524,.477,0.5,0.5,.923,0.1,0.9,1.0,1.6,0.3,0.2,0.5,0.9,4.8
162,Terrance Ferguson,SG,20,OKC,59,59,25.3,2.5,5.7,.431,1.4,3.8,.363,1.1,2.0,.560,.550,0.4,0.6,.667,0.4,1.3,1.7,0.9,0.5,0.2,0.6,3.2,6.7
163,Yogi Ferrell,PG,25,SAC,56,3,14.6,2.1,4.8,.431,0.7,1.9,.367,1.4,2.9,.475,.506,0.8,0.9,.878,0.2,1.4,1.6,2.0,0.5,0.1,0.5,0.9,5.6
164,Dorian Finney-Smith,SF,25,DAL,66,24,25.3,2.9,6.5,.444,1.0,3.0,.323,1.9,3.4,.551,.520,0.9,1.4,.681,1.8,3.1,4.9,1.0,0.9,0.5,1.0,2.4,7.7
165,Bryn Forbes,PG,25,SAS,67,66,28.0,4.4,9.9,.442,2.1,5.1,.408,2.3,4.7,.478,.548,0.9,1.0,.886,0.2,2.7,2.9,2.1,0.6,0.0,1.1,2.1,11.7
166,Evan Fournier,SG,26,ORL,67,67,31.5,5.6,13.1,.425,1.9,5.7,.340,3.6,7.4,.489,.498,1.6,2.0,.803,0.5,2.6,3.1,3.6,0.9,0.1,2.0,2.9,14.7
167,De'Aaron Fox,PG,21,SAC,65,65,31.8,6.3,13.6,.463,1.1,2.9,.374,5.2,10.7,.486,.502,3.8,5.3,.720,0.5,3.2,3.7,7.2,1.7,0.5,3.0,2.6,17.5
168,Melvin Frazier,SG,22,ORL,7,0,4.6,0.9,2.0,.429,0.0,0.4,.000,0.9,1.6,.545,.429,0.0,0.0,,0.3,0.1,0.4,0.0,0.1,0.0,0.1,0.6,1.7
169,Tim Frazier,PG,28,NOP,47,17,19.3,1.9,4.1,.451,0.6,1.6,.351,1.3,2.5,.517,.521,0.7,0.9,.780,0.7,2.2,2.9,4.4,0.5,0.1,1.3,2.0,5.0
170,Channing Frye,C,35,CLE,31,5,9.6,1.2,3.1,.375,0.9,2.1,.409,0.3,1.0,.300,.516,0.3,0.4,.750,0.1,1.4,1.5,0.6,0.2,0.2,0.3,1.2,3.5
171,Markelle Fultz,PG,20,PHI,19,15,22.5,3.4,8.2,.419,0.2,0.7,.286,3.2,7.4,.433,.432,1.1,1.9,.568,1.4,2.3,3.7,3.1,0.9,0.3,1.3,2.7,8.2
172,Danilo Gallinari,SF,30,LAC,57,57,30.4,5.8,12.8,.457,2.4,5.5,.435,3.5,7.3,.475,.551,5.2,5.8,.903,0.8,5.1,5.9,2.4,0.7,0.4,1.4,2.0,19.3
173,Langston Galloway,SG,27,DET,64,4,21.1,2.8,7.1,.392,1.7,4.7,.365,1.1,2.4,.445,.512,0.9,1.1,.826,0.6,1.6,2.2,1.0,0.5,0.1,0.3,1.6,8.2
174,Marc Gasol,C,34,TOT,65,58,31.7,5.3,12.0,.445,1.2,3.6,.340,4.1,8.4,.490,.496,2.6,3.5,.751,1.1,7.1,8.1,4.5,1.1,1.1,2.1,2.7,14.5
174,Marc Gasol,C,34,MEM,53,53,33.7,5.7,12.9,.444,1.4,4.2,.344,4.3,8.7,.491,.499,2.9,3.8,.756,1.1,7.5,8.6,4.7,1.1,1.2,2.2,2.8,15.7
174,Marc Gasol,C,34,TOR,12,5,22.8,3.6,7.9,.453,0.3,1.2,.286,3.3,6.8,.481,.474,1.4,2.0,.708,1.2,5.0,6.2,3.6,0.9,0.9,1.5,2.6,8.9
175,Pau Gasol,C,38,TOT,30,6,12.0,1.4,3.1,.447,0.2,0.4,.462,1.2,2.7,.444,.479,0.9,1.3,.700,0.7,3.8,4.6,1.7,0.2,0.5,0.5,1.0,3.9
175,Pau Gasol,C,38,SAS,27,6,12.2,1.5,3.3,.466,0.2,0.4,.500,1.3,2.9,.462,.494,1.0,1.4,.711,0.8,3.9,4.7,1.9,0.2,0.5,0.5,1.0,4.2
175,Pau Gasol,C,38,MIL,3,0,10.0,0.3,2.0,.167,0.3,1.0,.333,0.0,1.0,.000,.250,0.3,0.7,.500,0.0,3.3,3.3,0.7,0.0,0.3,0.7,0.3,1.3
176,Rudy Gay,PF,32,SAS,55,48,27.1,5.6,11.0,.512,1.1,2.6,.414,4.5,8.3,.542,.561,1.9,2.2,.844,0.9,5.6,6.5,2.6,0.8,0.6,1.6,2.5,14.2
177,Paul George,SF,28,OKC,63,63,36.6,9.2,20.9,.440,3.7,9.7,.388,5.4,11.2,.485,.530,6.0,7.2,.839,1.4,6.8,8.2,4.2,2.3,0.4,2.7,2.8,28.2
178,Taj Gibson,PF,33,MIN,66,57,24.5,4.5,7.8,.572,0.2,0.5,.324,4.3,7.3,.589,.582,1.9,2.5,.750,2.5,4.2,6.6,1.2,0.8,0.6,1.1,2.7,11.0
179,Harry Giles,PF,20,SAC,53,0,13.9,2.9,5.9,.498,0.0,0.1,.000,2.9,5.8,.508,.498,1.0,1.6,.632,1.1,2.7,3.8,1.4,0.5,0.3,1.2,2.6,6.9
180,Shai Gilgeous-Alexander,PG,20,LAC,68,59,25.6,3.8,8.2,.465,0.6,1.6,.355,3.3,6.6,.492,.500,1.8,2.2,.819,0.7,2.0,2.7,2.9,1.1,0.6,1.8,2.1,10.0
181,Rudy Gobert,C,26,UTA,66,65,31.8,5.6,8.7,.650,0.0,0.0,,5.6,8.7,.650,.650,4.1,6.3,.644,3.8,9.0,12.8,2.1,0.8,2.3,1.6,2.8,15.3
182,Brandon Goodwin,PG,23,DEN,16,0,3.6,0.4,1.4,.261,0.1,0.4,.333,0.3,1.1,.235,.304,0.6,0.7,.818,0.1,0.1,0.2,0.9,0.0,0.0,0.2,0.4,1.4
183,Aaron Gordon,PF,23,ORL,64,64,33.6,6.0,13.5,.443,1.5,4.5,.330,4.5,9.0,.499,.498,2.5,3.5,.724,1.6,5.8,7.4,3.6,0.7,0.7,2.1,2.3,15.9
184,Eric Gordon,SG,30,HOU,54,39,32.6,5.8,14.4,.404,3.0,8.8,.340,2.8,5.6,.503,.508,2.0,2.6,.777,0.3,2.1,2.4,2.1,0.6,0.4,1.4,2.2,16.6
185,Marcin Gortat,C,34,LAC,47,43,16.0,2.1,4.0,.532,0.0,0.0,,2.1,4.0,.532,.532,0.7,1.0,.729,1.4,4.1,5.6,1.4,0.1,0.5,1.1,2.0,5.0
186,Devonte' Graham,PG,23,CHO,33,3,13.3,1.6,4.3,.366,0.8,2.5,.313,0.8,1.8,.441,.458,0.5,0.7,.739,0.1,1.1,1.2,2.2,0.5,0.1,0.7,1.0,4.5
187,Treveon Graham,SG,25,BRK,26,20,21.5,1.9,5.7,.336,1.0,3.7,.268,0.9,2.0,.462,.423,0.5,0.7,.778,0.7,2.3,3.0,0.9,0.3,0.3,0.6,2.2,5.4
188,Jerami Grant,PF,24,OKC,65,62,32.4,5.0,9.8,.513,1.2,3.2,.376,3.8,6.5,.580,.575,2.0,2.9,.704,1.1,4.0,5.1,1.0,0.8,1.3,0.8,2.7,13.3
189,Jerian Grant,PG,26,ORL,53,1,16.6,1.5,3.7,.414,0.7,1.8,.357,0.9,1.9,.470,.503,0.5,0.7,.684,0.3,1.4,1.8,2.8,0.8,0.1,0.9,1.4,4.2
190,Donte Grantham,SF,23,OKC,3,0,0.7,0.0,0.7,.000,0.0,0.7,.000,0.0,0.0,,.000,0.0,0.0,,0.0,0.0,0.0,0.0,0.0,0.0,0.0,0.0,0.0
191,Danny Green,SG,31,TOR,66,66,28.2,3.6,7.9,.450,2.3,5.4,.437,1.2,2.6,.479,.598,0.5,0.5,.909,0.8,3.2,4.0,1.4,0.9,0.7,0.9,2.2,10.0
192,Draymond Green,PF,28,GSW,51,51,31.2,2.7,6.3,.433,0.6,2.4,.250,2.1,3.8,.549,.481,1.0,1.4,.704,0.9,6.5,7.5,7.1,1.5,1.0,2.5,3.3,7.0
193,Gerald Green,SG,33,HOU,63,0,21.3,3.4,8.3,.408,2.2,6.2,.354,1.2,2.0,.575,.541,0.8,1.0,.839,0.5,2.2,2.7,0.6,0.4,0.4,0.8,1.8,9.8
194,JaMychal Green,PF,28,TOT,53,4,21.3,3.5,7.3,.478,1.0,2.6,.390,2.5,4.8,.526,.546,1.4,1.8,.785,1.7,4.7,6.4,0.8,0.8,0.6,1.4,3.0,9.4
194,JaMychal Green,PF,28,MEM,41,4,22.0,3.7,7.6,.484,0.9,2.3,.396,2.8,5.3,.523,.545,1.5,2.0,.788,1.8,4.4,6.1,0.9,0.8,0.6,1.6,3.0,9.8
194,JaMychal Green,PF,28,LAC,12,0,19.0,2.9,6.4,.455,1.3,3.3,.375,1.7,3.1,.541,.552,0.8,1.1,.769,1.5,5.6,7.1,0.3,0.6,0.5,1.0,2.8,7.9
195,Jeff Green,PF,32,WAS,65,39,28.0,4.3,9.0,.474,1.5,4.2,.358,2.8,4.8,.575,.557,2.4,2.7,.892,0.8,3.5,4.3,1.9,0.5,0.5,1.3,2.2,12.5
196,Blake Griffin,PF,29,DET,64,64,35.5,8.5,18.1,.471,2.5,6.8,.362,6.1,11.3,.537,.539,5.6,7.5,.751,1.4,6.4,7.8,5.4,0.7,0.4,3.5,2.7,25.1
197,Daniel Hamilton,SG,23,ATL,19,3,10.7,1.2,3.2,.383,0.4,1.2,.348,0.8,1.9,.405,.450,0.2,0.3,.500,0.5,1.9,2.5,1.2,0.3,0.1,0.8,1.0,3.0
198,Tim Hardaway,SG,26,TOT,60,59,31.7,6.0,15.3,.391,2.5,7.4,.336,3.5,8.0,.441,.471,3.7,4.5,.839,0.5,2.9,3.5,2.5,0.9,0.1,1.7,2.2,18.2
198,Tim Hardaway,SG,26,NYK,46,46,32.6,6.1,15.8,.388,2.5,7.3,.347,3.6,8.5,.424,.469,4.3,5.1,.854,0.6,2.9,3.5,2.7,0.9,0.1,1.8,2.3,19.1
198,Tim Hardaway,SG,26,DAL,14,13,28.9,5.5,13.8,.399,2.2,7.4,.298,3.3,6.4,.517,.479,1.8,2.4,.735,0.4,2.9,3.3,1.9,0.8,0.1,1.4,1.8,15.0
199,James Harden,SG,29,HOU,63,63,37.3,10.7,24.6,.436,4.8,13.4,.359,5.9,11.2,.528,.534,9.9,11.3,.879,0.9,5.6,6.5,7.5,2.1,0.7,5.2,3.3,36.2
200,Maurice Harkless,SF,25,POR,46,39,22.4,2.9,6.0,.484,0.5,1.9,.281,2.3,4.0,.581,.529,0.7,1.0,.652,1.2,3.2,4.3,1.0,1.1,0.8,0.7,2.7,7.0
201,Montrezl Harrell,C,25,LAC,68,4,26.3,6.5,10.6,.620,0.0,0.2,.077,6.5,10.4,.630,.620,3.1,4.9,.627,2.3,4.3,6.6,1.9,0.9,1.3,1.5,3.2,16.2
202,Devin Harris,PG,35,DAL,53,0,15.2,1.9,4.9,.391,0.8,2.7,.303,1.1,2.1,.504,.477,1.5,2.0,.743,0.2,1.4,1.5,1.4,0.6,0.2,0.9,1.8,6.1
203,Gary Harris,SG,24,DEN,40,31,28.7,5.0,11.7,.423,1.5,4.5,.320,3.5,7.2,.488,.485,2.4,3.0,.805,0.7,2.2,2.9,2.6,0.9,0.4,1.2,2.1,13.7
204,Joe Harris,SG,27,BRK,64,64,29.9,4.9,9.8,.502,2.3,5.0,.464,2.6,4.8,.543,.622,1.4,1.7,.827,0.7,2.9,3.6,2.5,0.5,0.2,1.6,2.5,13.6
205,Tobias Harris,PF-SF,26,TOT,68,68,34.8,7.7,15.5,.500,2.1,4.9,.426,5.6,10.6,.534,.567,3.3,3.8,.875,0.7,7.2,7.9,2.7,0.7,0.5,1.9,2.3,20.9
205,Tobias Harris,PF,26,LAC,55,55,34.6,7.7,15.5,.496,2.0,4.7,.434,5.7,10.9,.523,.561,3.5,4.0,.877,0.7,7.2,7.9,2.7,0.7,0.4,2.0,2.2,20.9
205,Tobias Harris,SF,26,PHI,13,13,35.6,7.8,15.2,.518,2.3,5.8,.400,5.5,9.4,.590,.594,2.5,2.9,.868,0.9,7.1,8.0,2.6,0.5,0.7,1.5,2.3,20.5
206,Andrew Harrison,SG-PG,24,TOT,17,0,11.0,0.9,3.1,.302,0.3,1.5,.200,0.6,1.6,.393,.349,1.0,1.1,.944,0.4,0.8,1.2,1.4,0.2,0.1,0.7,2.0,3.2
206,Andrew Harrison,PG,24,MEM,1,0,5.0,1.0,2.0,.500,0.0,1.0,.000,1.0,1.0,1.000,.500,0.0,0.0,,0.0,0.0,0.0,0.0,0.0,0.0,0.0,1.0,2.0
206,Andrew Harrison,SG,24,CLE,10,0,14.4,1.2,3.9,.308,0.3,1.4,.214,0.9,2.5,.360,.346,1.6,1.6,1.000,0.4,1.1,1.5,1.7,0.4,0.2,1.0,2.6,4.3
206,Andrew Harrison,SG,24,NOP,6,0,6.3,0.5,2.0,.250,0.3,1.7,.200,0.2,0.3,.500,.333,0.2,0.3,.500,0.3,0.5,0.8,1.2,0.0,0.0,0.3,1.2,1.5
207,Shaquille Harrison,PG,25,CHI,59,0,17.4,2.0,4.8,.415,0.3,1.2,.254,1.7,3.6,.469,.447,1.1,1.7,.650,0.4,2.2,2.6,1.8,1.1,0.4,0.7,1.6,5.4
208,Josh Hart,SG,23,LAL,63,22,25.8,2.9,7.1,.408,1.4,4.2,.336,1.5,3.0,.511,.507,0.9,1.3,.696,0.6,3.2,3.8,1.4,0.9,0.6,0.9,2.3,8.1
209,Isaiah Hartenstein,PF,20,HOU,27,0,8.1,0.7,1.5,.488,0.1,0.2,.333,0.7,1.3,.514,.512,0.4,0.5,.786,0.8,1.0,1.7,0.5,0.3,0.4,0.5,2.1,2.0
210,Udonis Haslem,C,38,MIA,7,0,4.0,0.3,1.0,.286,0.0,0.4,.000,0.3,0.6,.500,.286,0.0,0.0,,0.1,1.0,1.1,0.0,0.0,0.0,0.3,0.6,0.6
211,Gordon Hayward,PF,28,BOS,62,17,25.9,4.0,8.8,.449,1.1,3.4,.336,2.8,5.4,.519,.514,2.0,2.4,.826,0.8,3.6,4.4,3.5,0.9,0.3,1.5,1.5,11.0
212,John Henson,C,28,MIL,14,0,13.4,2.2,4.8,.463,0.8,2.2,.355,1.4,2.6,.556,.545,0.4,0.7,.600,1.1,3.9,5.1,1.0,0.5,0.8,0.9,1.1,5.6
213,Juan Hernangomez,PF,23,DEN,60,25,21.1,2.2,5.0,.448,1.1,2.8,.376,1.2,2.1,.543,.556,1.1,1.4,.762,1.0,3.2,4.2,0.8,0.4,0.4,0.6,1.4,6.6
214,Willy Hernangomez,C,24,CHO,48,3,13.6,2.6,5.0,.521,0.3,0.6,.433,2.3,4.4,.533,.548,1.6,2.3,.679,1.9,3.5,5.4,1.0,0.3,0.3,1.0,1.8,7.1
215,Mario Hezonja,SF,23,NYK,48,14,19.1,2.9,7.4,.397,0.7,2.5,.277,2.2,4.9,.457,.443,1.1,1.6,.701,0.4,3.3,3.7,1.0,0.9,0.1,1.2,1.7,7.6
216,Isaiah Hicks,PF,24,NYK,1,0,4.0,0.0,0.0,,0.0,0.0,,0.0,0.0,,,1.0,2.0,.500,0.0,0.0,0.0,1.0,0.0,0.0,0.0,0.0,1.0
217,Buddy Hield,SG,26,SAC,66,66,32.1,7.7,16.6,.462,3.3,7.7,.432,4.3,8.9,.487,.562,2.2,2.5,.873,1.4,3.9,5.2,2.4,0.6,0.4,1.9,2.5,20.9
218,Haywood Highsmith,SF,22,PHI,2,0,4.5,0.5,1.0,.500,0.5,1.0,.500,0.0,0.0,,.750,0.0,0.0,,0.0,0.5,0.5,1.0,0.0,0.0,0.0,0.0,1.5
219,Nene Hilario,C,36,HOU,35,2,13.1,1.5,2.7,.559,0.0,0.1,.000,1.5,2.6,.571,.559,0.8,1.1,.675,0.8,2.3,3.0,0.6,0.5,0.4,0.3,2.0,3.7
220,George Hill,PG,32,TOT,47,13,22.1,2.7,6.0,.443,0.8,2.4,.325,1.9,3.6,.524,.509,1.0,1.2,.825,0.6,1.8,2.4,2.3,0.9,0.1,0.9,1.7,7.1
220,George Hill,PG,32,CLE,13,13,26.5,4.2,8.2,.514,1.0,2.2,.464,3.2,6.1,.532,.575,1.3,1.5,.850,0.9,1.2,2.1,2.8,0.9,0.1,1.5,2.7,10.8
220,George Hill,PG,32,MIL,34,0,20.4,2.1,5.1,.400,0.7,2.5,.279,1.4,2.6,.517,.469,0.9,1.1,.811,0.5,2.1,2.6,2.2,0.9,0.2,0.6,1.4,5.7
221,Solomon Hill,SF,27,NOP,37,15,20.0,1.4,3.7,.380,0.6,2.0,.293,0.8,1.7,.484,.460,0.5,0.7,.704,0.9,2.2,3.1,1.2,0.6,0.2,0.6,1.7,3.9
222,Aaron Holiday,PG,22,IND,41,0,11.4,1.9,5.0,.382,0.7,2.4,.300,1.2,2.5,.462,.456,0.8,0.9,.886,0.1,1.2,1.3,1.4,0.4,0.3,0.7,1.2,5.3
223,Jrue Holiday,SG,28,NOP,67,67,35.9,8.2,17.3,.472,1.8,5.4,.325,6.4,11.9,.539,.523,3.1,4.0,.768,1.1,3.9,5.0,7.7,1.6,0.8,3.1,2.2,21.2
224,Justin Holiday,SG,29,TOT,68,63,31.5,3.4,9.2,.373,1.9,5.5,.338,1.6,3.7,.426,.474,1.1,1.2,.889,0.5,3.5,4.0,1.8,1.4,0.5,1.3,2.0,9.8
224,Justin Holiday,SG,29,CHI,38,38,34.9,4.0,10.4,.383,2.6,7.1,.359,1.4,3.3,.435,.506,1.1,1.2,.891,0.5,3.9,4.4,2.2,1.8,0.6,1.2,2.1,11.6
224,Justin Holiday,SG,29,MEM,30,25,27.3,2.7,7.7,.355,1.0,3.5,.283,1.7,4.2,.416,.420,1.0,1.2,.886,0.5,3.0,3.5,1.3,1.0,0.3,1.3,1.8,7.5
225,John Holland,SF,30,CLE,1,0,1.0,0.0,0.0,,0.0,0.0,,0.0,0.0,,,0.0,0.0,,0.0,0.0,0.0,0.0,0.0,0.0,0.0,0.0,0.0
226,Rondae Hollis-Jefferson,SF,24,BRK,54,21,21.2,3.3,8.1,.407,0.2,0.9,.191,3.1,7.2,.433,.418,2.0,3.1,.645,1.3,3.8,5.1,1.6,0.7,0.5,1.1,1.9,8.8
227,Richaun Holmes,C,25,PHO,62,2,16.5,3.1,5.0,.627,0.0,0.0,,3.1,5.0,.627,.627,1.6,2.3,.716,1.6,2.9,4.5,0.8,0.6,1.1,0.7,2.7,7.9
228,Rodney Hood,SG,26,TOT,58,45,26.1,4.0,9.3,.429,1.2,3.3,.360,2.8,6.0,.467,.493,2.0,2.3,.901,0.3,1.9,2.2,1.8,0.8,0.1,0.7,2.1,11.2
228,Rodney Hood,SG,26,CLE,45,45,27.4,4.3,10.1,.427,1.2,3.4,.362,3.1,6.7,.460,.488,2.3,2.5,.912,0.4,2.1,2.5,2.0,0.8,0.1,0.8,2.2,12.2
228,Rodney Hood,SG,26,POR,13,0,21.3,2.8,6.5,.440,1.0,2.8,.351,1.8,3.6,.511,.518,1.1,1.3,.824,0.2,1.2,1.4,0.8,0.8,0.2,0.5,1.6,7.8
229,Al Horford,C,32,BOS,58,58,28.7,5.5,10.4,.529,1.1,3.1,.348,4.4,7.3,.605,.581,1.0,1.2,.826,1.8,4.9,6.7,4.0,0.9,1.3,1.5,1.9,13.0
230,Danuel House,SF,25,HOU,25,12,24.8,2.8,6.2,.458,1.6,4.0,.390,1.3,2.2,.582,.584,1.8,2.2,.818,0.8,2.8,3.6,1.0,0.6,0.4,0.9,1.8,9.0
231,Dwight Howard,C,33,WAS,9,9,25.6,4.8,7.7,.623,0.0,0.0,,4.8,7.7,.623,.623,3.2,5.3,.604,2.7,6.6,9.2,0.4,0.8,0.4,1.8,3.8,12.8
232,Kevin Huerter,SG,20,ATL,62,46,27.2,3.5,8.4,.421,1.8,4.6,.388,1.8,3.8,.460,.527,0.6,0.9,.741,0.7,2.5,3.3,2.7,0.9,0.3,1.5,2.0,9.5
233,Chandler Hutchison,SF,22,CHI,44,14,20.3,2.2,4.8,.459,0.3,1.1,.280,1.9,3.6,.516,.493,0.5,0.9,.605,0.7,3.5,4.2,0.8,0.5,0.1,0.6,1.3,5.2
234,Serge Ibaka,C,29,TOR,64,50,28.0,6.3,12.0,.522,0.6,2.3,.267,5.6,9.7,.584,.548,1.9,2.5,.770,2.1,6.0,8.1,1.4,0.4,1.4,1.6,2.9,15.1
235,Andre Iguodala,SF,35,GSW,58,11,23.6,2.3,4.5,.504,0.8,2.2,.352,1.5,2.4,.642,.588,0.7,1.1,.594,0.7,3.1,3.8,3.2,0.9,0.8,0.7,1.4,6.0
236,Ersan Ilyasova,PF,31,MIL,54,5,17.7,2.5,5.7,.445,0.9,2.3,.373,1.7,3.4,.495,.521,0.9,1.0,.873,1.6,2.9,4.5,0.8,0.5,0.3,0.7,2.6,6.8
237,Joe Ingles,SF,31,UTA,66,66,31.7,4.2,9.7,.434,2.1,5.7,.369,2.1,4.0,.526,.542,1.2,1.7,.718,0.4,3.5,3.9,5.4,1.3,0.3,2.3,2.4,11.8
238,Brandon Ingram,SF,21,LAL,52,52,33.8,7.0,14.0,.497,0.6,1.8,.330,6.4,12.2,.521,.518,3.8,5.6,.675,0.8,4.3,5.1,3.0,0.5,0.6,2.5,2.9,18.3
239,Kyrie Irving,PG,26,BOS,56,56,32.8,8.9,17.9,.498,2.6,6.1,.419,6.4,11.8,.538,.569,3.0,3.4,.869,1.1,3.8,4.9,7.0,1.5,0.5,2.6,2.4,23.4
240,Jonathan Isaac,PF,21,ORL,62,51,26.6,3.4,7.9,.436,1.0,3.2,.325,2.4,4.7,.512,.502,1.6,1.9,.832,1.3,4.1,5.4,1.0,0.8,1.3,1.0,2.0,9.5
241,Wesley Iwundu,SF,24,ORL,54,12,17.8,1.6,4.1,.393,0.4,1.1,.322,1.2,3.0,.419,.436,1.3,1.6,.807,0.5,2.2,2.7,1.0,0.4,0.3,0.7,1.9,4.9
242,Demetrius Jackson,PG,24,PHI,6,0,6.5,1.3,2.5,.533,0.3,1.0,.333,1.0,1.5,.667,.600,0.7,0.7,1.000,0.3,0.2,0.5,0.8,0.3,0.0,0.2,0.7,3.7
243,Frank Jackson,PG,20,NOP,54,9,17.2,2.8,6.4,.440,0.8,2.4,.313,2.0,3.9,.519,.500,0.7,0.9,.735,0.4,1.8,2.2,0.9,0.4,0.0,0.7,1.4,7.0
244,Jaren Jackson,PF,19,MEM,58,56,26.1,5.1,10.2,.506,0.9,2.4,.359,4.3,7.7,.553,.549,2.6,3.4,.766,1.3,3.4,4.7,1.1,0.9,1.4,1.7,3.8,13.8
245,Josh Jackson,SG,21,PHO,68,25,24.0,4.2,10.1,.410,0.8,2.6,.306,3.4,7.5,.447,.450,1.8,2.6,.678,0.8,3.3,4.1,2.3,1.0,0.7,2.3,2.5,10.9
246,Justin Jackson,SF,23,TOT,65,3,19.4,2.3,5.5,.419,1.0,2.9,.354,1.3,2.6,.491,.513,0.7,0.9,.783,0.5,2.1,2.5,1.1,0.4,0.2,0.4,1.2,6.3
246,Justin Jackson,SF,23,SAC,52,3,20.8,2.4,5.7,.424,1.1,3.1,.346,1.3,2.6,.515,.517,0.8,1.0,.820,0.5,2.3,2.8,1.3,0.4,0.3,0.4,1.3,6.7
246,Justin Jackson,SF,23,DAL,13,0,13.5,1.8,4.7,.393,0.9,2.3,.400,0.9,2.4,.387,.492,0.5,0.8,.600,0.4,1.1,1.5,0.4,0.2,0.1,0.2,0.9,5.1
247,Reggie Jackson,PG,28,DET,66,66,28.5,5.3,12.5,.428,2.1,5.6,.376,3.2,6.8,.471,.513,2.5,2.9,.874,0.5,2.0,2.6,4.3,0.7,0.1,1.7,2.7,15.3
248,LeBron James,SF,34,LAL,48,48,35.4,10.0,19.5,.513,2.1,6.0,.346,8.0,13.6,.587,.566,5.0,7.7,.658,1.0,7.6,8.6,8.1,1.4,0.6,3.4,1.7,27.1
249,Amile Jefferson,PF,25,ORL,5,0,4.0,0.2,0.8,.250,0.0,0.0,,0.2,0.8,.250,.250,0.8,0.8,1.000,0.4,1.0,1.4,0.0,0.2,0.0,0.0,0.6,1.2
250,John Jenkins,SG,27,TOT,13,0,10.5,1.5,3.5,.422,0.7,1.7,.409,0.8,1.8,.435,.522,0.2,0.3,.500,0.2,0.8,0.9,0.4,0.0,0.1,0.3,0.1,3.8
250,John Jenkins,SG,27,WAS,4,0,3.5,0.5,0.5,1.000,0.5,0.5,1.000,0.0,0.0,,1.500,0.0,0.0,,0.0,0.3,0.3,0.3,0.0,0.0,0.0,0.0,1.5
250,John Jenkins,SG,27,NYK,9,0,13.6,1.9,4.8,.395,0.8,2.2,.350,1.1,2.6,.435,.477,0.2,0.4,.500,0.2,1.0,1.2,0.4,0.0,0.1,0.4,0.1,4.8
251,Jonas Jerebko,PF,31,GSW,60,6,17.4,2.3,5.0,.461,0.9,2.6,.350,1.4,2.3,.586,.554,0.9,1.1,.818,1.1,3.3,4.4,1.4,0.3,0.2,0.6,1.9,6.4
252,Alize Johnson,PF,22,IND,11,0,2.9,0.2,0.9,.200,0.1,0.2,.500,0.1,0.7,.125,.250,0.1,0.4,.250,0.1,0.6,0.7,0.0,0.0,0.1,0.0,0.3,0.5
253,Amir Johnson,C,31,PHI,43,5,10.3,1.6,3.1,.508,0.3,0.8,.333,1.3,2.3,.566,.549,0.6,0.8,.750,0.9,2.0,2.8,1.2,0.3,0.3,1.0,2.1,4.0
254,B.J. Johnson,SF,23,ATL,4,0,9.8,1.8,3.3,.538,0.8,1.5,.500,1.0,1.8,.571,.654,0.0,0.0,,0.5,1.5,2.0,0.0,0.5,0.0,0.5,0.8,4.3
255,James Johnson,PF,31,MIA,41,33,20.8,3.0,7.0,.429,0.9,2.6,.352,2.1,4.4,.475,.495,0.8,1.1,.723,0.4,2.8,3.2,2.3,0.7,0.5,1.3,2.0,7.8
256,Stanley Johnson,SF,22,TOT,57,7,18.5,2.5,6.7,.372,0.9,3.4,.269,1.6,3.3,.476,.440,0.7,0.9,.759,0.6,2.9,3.4,1.3,0.9,0.2,1.2,1.8,6.6
256,Stanley Johnson,SF,22,DET,48,7,20.0,2.8,7.3,.381,1.1,3.8,.282,1.7,3.5,.488,.454,0.9,1.1,.804,0.5,3.1,3.6,1.3,1.0,0.3,1.1,1.9,7.5
256,Stanley Johnson,SF,22,NOP,9,0,10.7,1.0,3.7,.273,0.1,1.3,.083,0.9,2.3,.381,.288,0.0,0.3,.000,0.8,1.6,2.3,1.3,0.7,0.0,1.2,1.4,2.1
257,Tyler Johnson,PG-SG,26,TOT,56,21,26.7,3.8,9.2,.413,1.6,4.5,.343,2.3,4.7,.481,.497,1.6,2.2,.740,0.6,2.4,3.0,2.9,1.0,0.5,1.3,1.7,10.8
257,Tyler Johnson,PG,26,MIA,44,10,25.5,3.9,9.1,.426,1.6,4.6,.353,2.3,4.5,.503,.516,1.4,2.0,.693,0.4,2.3,2.8,2.5,0.9,0.5,1.4,1.6,10.8
257,Tyler Johnson,SG,26,PHO,12,11,31.2,3.5,9.6,.365,1.3,4.2,.300,2.3,5.4,.415,.430,2.5,2.9,.857,1.2,2.8,4.0,4.3,1.2,0.5,0.8,1.9,10.8
258,Wesley Johnson,SF,31,TOT,35,13,14.6,1.3,3.5,.366,0.7,2.1,.333,0.6,1.4,.417,.467,0.3,0.5,.625,0.3,1.6,1.9,0.7,0.4,0.3,0.5,1.7,3.6
258,Wesley Johnson,SF,31,NOP,26,13,14.5,1.3,3.4,.398,0.7,1.9,.380,0.6,1.5,.421,.506,0.2,0.3,.667,0.4,1.7,2.1,0.6,0.5,0.3,0.5,1.7,3.7
258,Wesley Johnson,SF,31,WAS,9,0,15.0,1.1,3.9,.286,0.7,2.8,.240,0.4,1.1,.400,.371,0.4,0.8,.571,0.2,1.3,1.6,0.8,0.2,0.4,0.7,1.7,3.3
259,Nikola Jokic,C,23,DEN,64,64,31.5,7.6,15.1,.505,1.1,3.4,.324,6.5,11.6,.558,.542,4.1,4.9,.836,2.9,7.8,10.8,7.6,1.4,0.6,3.2,2.9,20.4
260,Damian Jones,C,23,GSW,24,22,17.1,2.2,3.1,.716,0.0,0.0,,2.2,3.1,.716,.716,1.0,1.5,.649,1.3,1.8,3.1,1.2,0.5,1.0,0.7,2.6,5.4
261,Derrick Jones,SF,21,MIA,46,5,18.3,2.8,5.4,.514,0.5,1.4,.354,2.3,4.0,.571,.561,1.2,1.9,.616,1.7,2.4,4.1,0.5,0.7,0.7,0.8,2.0,7.2
262,Jalen Jones,SF,25,CLE,16,0,13.4,1.6,3.9,.419,0.6,1.8,.357,1.0,2.1,.471,.500,1.2,1.7,.704,0.7,1.4,2.1,0.4,0.6,0.1,0.5,1.7,5.1
263,Terrence Jones,PF,27,HOU,2,0,2.5,0.5,2.0,.250,0.0,1.0,.000,0.5,1.0,.500,.250,0.0,0.5,.000,0.0,2.0,2.0,0.0,0.0,0.0,0.5,0.5,1.0
264,Tyus Jones,PG,22,MIN,53,8,20.7,2.2,5.6,.391,0.5,1.7,.303,1.7,3.9,.428,.436,0.8,0.9,.837,0.3,1.5,1.8,4.1,1.2,0.1,0.6,1.1,5.7
265,DeAndre Jordan,C,30,TOT,61,61,30.1,4.2,6.6,.643,0.0,0.0,,4.2,6.6,.643,.643,2.7,3.9,.692,3.3,10.1,13.4,2.0,0.6,1.1,2.1,2.5,11.1
265,DeAndre Jordan,C,30,DAL,50,50,31.1,4.2,6.5,.644,0.0,0.0,,4.2,6.5,.644,.644,2.7,4.0,.682,3.2,10.5,13.7,2.0,0.7,1.1,2.2,2.5,11.0
265,DeAndre Jordan,C,30,NYK,11,11,25.5,4.5,7.0,.636,0.0,0.0,,4.5,7.0,.636,.636,2.6,3.5,.744,3.5,8.4,11.8,1.8,0.4,1.3,1.5,2.5,11.5
266,Cory Joseph,PG,27,IND,67,3,25.5,3.0,6.9,.439,0.7,2.2,.338,2.3,4.7,.486,.492,0.3,0.5,.657,0.5,3.1,3.6,3.9,1.0,0.3,1.0,1.6,7.2
267,Frank Kaminsky,C,25,CHO,32,0,12.9,2.5,5.1,.491,0.9,2.3,.392,1.6,2.8,.573,.580,1.1,1.6,.686,0.8,2.0,2.8,1.1,0.2,0.2,0.9,1.2,7.0
268,Enes Kanter,C,26,TOT,52,23,24.5,5.4,10.1,.537,0.1,0.5,.269,5.3,9.6,.551,.544,2.4,3.0,.805,3.7,6.3,9.9,1.8,0.4,0.4,1.7,2.4,13.4
268,Enes Kanter,C,26,NYK,44,23,25.6,5.7,10.6,.536,0.2,0.5,.318,5.5,10.1,.547,.544,2.4,2.9,.814,3.9,6.6,10.5,1.9,0.4,0.4,1.8,2.4,14.0
268,Enes Kanter,C,26,POR,8,0,18.5,4.0,7.4,.542,0.0,0.5,.000,4.0,6.9,.582,.542,2.4,3.1,.760,2.4,4.5,6.9,1.3,0.5,0.4,1.4,2.5,10.4
269,Luke Kennard,SG,22,DET,48,10,22.3,3.6,8.2,.442,1.6,4.2,.393,2.0,4.0,.492,.542,0.7,0.9,.795,0.2,2.7,2.9,1.7,0.4,0.2,0.8,1.4,9.6
270,Michael Kidd-Gilchrist,PF,25,CHO,55,1,19.2,2.7,5.6,.480,0.2,0.7,.275,2.5,4.8,.511,.498,1.7,2.2,.773,1.5,2.5,4.0,0.9,0.5,0.7,0.7,2.5,7.2
271,George King,SF,25,PHO,1,0,6.0,0.0,0.0,,0.0,0.0,,0.0,0.0,,,0.0,0.0,,0.0,1.0,1.0,0.0,0.0,0.0,0.0,0.0,0.0
272,Maxi Kleber,PF,27,DAL,58,16,20.1,2.4,5.2,.451,1.0,3.0,.337,1.3,2.2,.605,.548,0.8,1.0,.804,1.2,2.9,4.1,0.9,0.5,1.2,0.7,2.0,6.5
273,Brandon Knight,PG,27,TOT,24,11,14.5,1.8,5.2,.355,1.0,3.1,.307,0.9,2.0,.429,.448,0.8,1.0,.783,0.2,0.9,1.0,1.7,0.4,0.0,0.5,1.2,5.4
273,Brandon Knight,PG,27,HOU,12,0,9.8,0.9,3.9,.234,0.4,2.7,.156,0.5,1.3,.400,.287,0.8,0.9,.818,0.1,0.7,0.8,0.8,0.2,0.0,0.4,1.2,3.0
273,Brandon Knight,PG,27,CLE,12,11,19.1,2.8,6.4,.429,1.5,3.6,.419,1.3,2.8,.441,.545,0.8,1.0,.750,0.3,1.1,1.3,2.7,0.7,0.0,0.6,1.3,7.8
274,Kevin Knox,PF,19,NYK,60,42,28.0,4.3,12.0,.359,1.5,4.7,.330,2.8,7.3,.378,.423,2.1,2.8,.738,0.9,3.5,4.4,1.0,0.6,0.3,1.5,2.4,12.2
275,Furkan Korkmaz,SG,21,PHI,46,6,14.2,2.0,5.1,.402,1.0,3.0,.331,1.0,2.1,.505,.500,0.8,0.9,.833,0.3,1.9,2.3,1.1,0.6,0.0,0.5,1.3,5.8
276,Luke Kornet,PF,23,NYK,34,13,15.8,2.1,5.8,.372,1.5,4.0,.378,0.6,1.8,.361,.503,0.8,1.0,.824,0.5,1.9,2.5,1.1,0.6,0.6,0.6,0.9,6.6
277,Kyle Korver,SG-PF,37,TOT,60,0,19.3,3.0,6.8,.434,2.0,4.8,.405,1.0,2.0,.504,.577,0.9,1.1,.848,0.1,2.2,2.3,1.0,0.4,0.2,0.9,1.5,8.8
277,Kyle Korver,PF,37,CLE,16,0,15.7,2.2,4.8,.461,1.6,3.4,.463,0.6,1.4,.455,.625,0.8,1.0,.813,0.0,1.8,1.8,1.1,0.2,0.1,1.1,1.4,6.8
277,Kyle Korver,SG,37,UTA,44,0,20.6,3.2,7.5,.428,2.1,5.3,.391,1.1,2.2,.515,.566,1.0,1.1,.860,0.2,2.3,2.5,1.0,0.4,0.2,0.8,1.5,9.5
278,Kosta Koufos,C,29,SAC,32,1,11.9,1.7,3.4,.486,0.0,0.0,,1.7,3.4,.486,.486,0.2,0.5,.353,1.3,3.1,4.3,0.8,0.4,0.4,0.6,1.7,3.5
279,Rodions Kurucs,SF,20,BRK,50,33,20.6,3.4,7.1,.479,0.9,2.7,.338,2.5,4.4,.566,.543,1.3,1.5,.877,0.9,2.8,3.8,0.8,0.6,0.3,1.2,2.3,9.0
280,Kyle Kuzma,PF,23,LAL,60,58,32.9,7.2,15.4,.465,1.9,5.9,.312,5.3,9.5,.562,.525,2.7,3.5,.761,0.9,4.7,5.6,2.5,0.6,0.4,2.0,2.4,18.8
281,Skal Labissiere,PF,22,TOT,17,0,7.2,0.8,1.8,.433,0.2,0.6,.364,0.5,1.1,.474,.500,0.4,0.8,.462,0.2,1.2,1.5,0.4,0.1,0.2,0.5,1.3,2.1
281,Skal Labissiere,PF,22,SAC,13,0,8.7,1.0,2.3,.433,0.3,0.8,.364,0.7,1.5,.474,.500,0.5,0.8,.545,0.3,1.5,1.8,0.5,0.2,0.2,0.5,1.6,2.8
281,Skal Labissiere,PF,22,POR,4,0,2.3,0.0,0.0,,0.0,0.0,,0.0,0.0,,,0.0,0.5,.000,0.0,0.3,0.3,0.0,0.0,0.3,0.3,0.3,0.0
282,Jeremy Lamb,SG,26,CHO,64,55,28.8,5.4,12.4,.440,1.4,4.1,.335,4.1,8.3,.492,.496,2.8,3.2,.879,0.8,4.8,5.6,2.2,1.0,0.4,1.1,1.9,15.1
283,Zach LaVine,SG,23,CHI,60,59,34.5,8.5,18.1,.468,1.9,5.1,.368,6.6,13.0,.507,.520,4.9,5.9,.833,0.6,4.0,4.6,4.4,0.9,0.4,3.4,2.2,23.8
284,Jake Layman,SF,24,POR,55,25,18.6,3.2,6.0,.532,0.9,2.6,.343,2.3,3.4,.677,.606,0.6,0.8,.711,0.9,2.3,3.2,0.7,0.5,0.5,0.7,1.6,7.8
285,T.J. Leaf,PF,21,IND,46,0,8.8,1.6,3.0,.537,0.1,0.6,.231,1.5,2.4,.609,.559,0.3,0.5,.619,0.6,1.5,2.1,0.4,0.1,0.3,0.2,0.6,3.6
286,Courtney Lee,SG,33,TOT,23,2,12.1,1.4,3.3,.427,0.4,1.3,.290,1.0,1.9,.523,.487,0.6,0.8,.684,0.3,1.1,1.4,1.0,0.6,0.1,0.3,1.0,3.7
286,Courtney Lee,SG,33,NYK,12,2,13.3,1.8,3.9,.447,0.4,1.3,.313,1.3,2.6,.516,.500,0.8,1.2,.643,0.5,1.8,2.3,1.3,0.7,0.2,0.4,1.1,4.7
286,Courtney Lee,SG,33,DAL,11,0,10.7,1.0,2.5,.393,0.4,1.4,.267,0.6,1.2,.538,.464,0.4,0.5,.800,0.1,0.5,0.5,0.5,0.5,0.1,0.3,0.9,2.7
287,Damion Lee,SG,26,GSW,23,0,12.0,1.7,3.8,.437,0.8,2.1,.396,0.8,1.7,.487,.546,0.5,0.7,.800,0.3,1.5,1.8,0.2,0.4,0.0,0.4,1.1,4.7
288,Alex Len,C,25,ATL,64,25,19.6,3.8,7.9,.484,0.7,2.2,.341,3.1,5.8,.538,.531,1.9,2.8,.669,2.1,3.5,5.5,1.0,0.4,0.9,1.4,2.6,10.3
289,Kawhi Leonard,SF,27,TOR,49,49,34.3,9.5,19.0,.499,1.7,4.9,.354,7.7,14.1,.549,.545,6.4,7.4,.860,1.3,6.1,7.3,3.2,1.8,0.4,2.0,1.4,27.0
290,Meyers Leonard,C,26,POR,55,1,14.2,2.1,3.9,.539,0.9,1.9,.466,1.3,2.1,.605,.650,0.7,0.8,.818,0.8,3.0,3.7,1.2,0.2,0.2,0.7,1.7,5.8
291,Jon Leuer,PF,29,DET,36,1,10.5,1.8,3.0,.587,0.0,0.3,.100,1.8,2.8,.636,.592,0.6,0.9,.742,0.7,1.9,2.6,0.4,0.3,0.1,0.6,1.6,4.2
292,Caris LeVert,SF,24,BRK,27,21,27.0,5.4,12.6,.432,1.2,4.1,.300,4.2,8.5,.496,.481,2.2,3.1,.714,0.8,3.3,4.0,3.6,1.1,0.4,2.1,2.0,14.3
293,Damian Lillard,PG,28,POR,65,65,35.4,8.6,19.2,.449,2.9,7.8,.367,5.7,11.4,.505,.523,6.1,6.7,.910,0.8,3.7,4.6,6.4,1.1,0.5,2.7,1.9,26.1
294,Jeremy Lin,PG,30,TOT,61,2,19.8,3.4,7.7,.448,0.8,2.6,.300,2.6,5.0,.524,.499,2.6,3.1,.840,0.3,2.0,2.3,3.4,0.7,0.2,1.9,2.0,10.2
294,Jeremy Lin,PG,30,ATL,51,1,19.7,3.5,7.6,.466,0.9,2.6,.333,2.7,5.0,.535,.523,2.8,3.3,.845,0.3,2.0,2.3,3.5,0.7,0.1,1.9,1.9,10.7
294,Jeremy Lin,PG,30,TOR,10,1,20.6,2.9,8.1,.358,0.4,2.8,.143,2.5,5.3,.472,.383,1.5,1.9,.789,0.4,1.9,2.3,2.6,0.5,0.3,1.6,2.3,7.7
295,Shaun Livingston,PG,33,GSW,52,0,15.3,1.7,3.5,.486,0.0,0.0,.000,1.7,3.4,.492,.486,0.7,0.9,.826,0.7,1.2,1.9,1.9,0.5,0.5,0.6,1.2,4.1
296,Zach Lofton,SG,26,DET,1,0,4.0,0.0,1.0,.000,0.0,1.0,.000,0.0,0.0,,.000,0.0,0.0,,0.0,0.0,0.0,0.0,1.0,0.0,1.0,0.0,0.0
297,Kevon Looney,C,22,GSW,64,24,19.8,2.7,4.4,.612,0.0,0.2,.100,2.7,4.2,.631,.614,0.9,1.5,.602,2.5,3.2,5.7,1.7,0.6,0.8,0.7,2.8,6.3
298,Brook Lopez,C,30,MIL,67,67,28.3,4.4,9.7,.453,2.4,6.4,.367,2.0,3.3,.621,.575,1.2,1.4,.862,0.4,4.1,4.5,1.0,0.6,2.2,1.0,2.3,12.3
299,Robin Lopez,C,30,CHI,60,22,20.3,3.7,6.6,.561,0.1,0.4,.261,3.6,6.2,.580,.569,1.1,1.5,.711,1.7,1.9,3.6,1.1,0.2,1.1,1.3,1.9,8.5
300,Kevin Love,PF,30,CLE,14,14,27.3,5.1,13.1,.386,2.7,6.9,.396,2.4,6.3,.375,.489,5.8,6.5,.890,1.9,9.4,11.4,2.3,0.3,0.2,1.9,2.7,18.6
301,Kyle Lowry,PG,32,TOR,56,56,34.7,4.9,11.7,.417,2.5,7.1,.348,2.4,4.6,.521,.522,2.6,3.1,.834,0.7,4.1,4.8,9.1,1.4,0.5,2.9,2.7,14.8
302,Jordan Loyd,PG,25,TOR,8,0,4.5,0.6,1.4,.455,0.3,0.6,.400,0.4,0.8,.500,.545,0.5,0.6,.800,0.1,0.8,0.9,0.3,0.0,0.0,0.3,0.6,2.0
303,Kalin Lucas,PG,29,DET,1,0,6.0,0.0,1.0,.000,0.0,1.0,.000,0.0,0.0,,.000,2.0,2.0,1.000,0.0,3.0,3.0,1.0,0.0,0.0,0.0,1.0,2.0
304,Timothe Luwawu-Cabarrot,SF-SG,23,TOT,36,3,9.6,1.0,3.1,.313,0.4,1.7,.267,0.5,1.4,.365,.384,0.4,0.5,.684,0.2,1.3,1.4,0.3,0.3,0.1,0.4,1.1,2.8
304,Timothe Luwawu-Cabarrot,SF,23,OKC,21,1,5.9,0.6,2.0,.302,0.2,1.0,.227,0.4,1.0,.381,.360,0.2,0.3,.667,0.2,0.7,0.9,0.2,0.2,0.0,0.2,0.7,1.7
304,Timothe Luwawu-Cabarrot,SG,23,CHI,15,2,14.8,1.5,4.6,.319,0.7,2.5,.289,0.7,2.1,.355,.399,0.6,0.9,.692,0.1,2.1,2.3,0.5,0.5,0.1,0.5,1.7,4.3
305,Tyler Lydon,PF,22,DEN,24,0,3.8,0.3,0.7,.471,0.2,0.4,.400,0.2,0.3,.571,.588,0.0,0.1,.333,0.3,0.5,0.7,0.2,0.1,0.0,0.2,0.4,0.9
306,Trey Lyles,PF,23,DEN,55,1,18.6,3.5,8.3,.423,0.8,3.3,.254,2.7,5.0,.535,.474,1.4,2.0,.694,0.7,3.3,4.1,1.4,0.5,0.4,1.1,1.5,9.2
307,Shelvin Mack,PG,28,TOT,55,3,22.3,2.9,7.2,.409,0.8,2.3,.359,2.1,4.9,.433,.467,1.0,1.5,.695,0.3,1.6,1.9,3.3,0.9,0.1,1.1,1.5,7.8
307,Shelvin Mack,PG,28,MEM,53,3,22.7,3.0,7.3,.414,0.9,2.4,.359,2.2,4.9,.441,.473,1.0,1.4,.707,0.3,1.6,1.9,3.4,0.8,0.1,1.2,1.5,7.9
307,Shelvin Mack,PG,28,CHO,2,0,12.0,0.5,3.5,.143,0.0,0.0,,0.5,3.5,.143,.143,2.0,3.5,.571,0.0,1.0,1.0,0.5,1.0,0.0,0.5,1.5,3.0
308,Daryl Macon,SG,23,DAL,4,0,2.0,0.5,0.5,1.000,0.0,0.0,,0.5,0.5,1.000,1.000,0.0,0.0,,0.0,0.0,0.0,0.0,0.3,0.0,0.3,0.0,1.0
309,J.P. Macura,SG,23,CHO,1,0,14.0,2.0,8.0,.250,0.0,4.0,.000,2.0,4.0,.500,.250,0.0,0.0,,0.0,2.0,2.0,2.0,0.0,0.0,0.0,0.0,4.0
310,Ian Mahinmi,C,32,WAS,31,6,14.4,1.3,2.7,.494,0.0,0.4,.083,1.3,2.3,.563,.500,1.3,1.9,.683,1.3,2.2,3.5,0.8,0.8,0.5,0.6,2.4,4.0
311,Thon Maker,C-PF,21,TOT,48,0,12.9,1.6,4.0,.411,0.7,2.3,.324,0.9,1.8,.524,.503,0.6,1.1,.588,0.6,2.2,2.8,0.7,0.3,0.6,0.4,1.6,4.6
311,Thon Maker,C,21,MIL,35,0,11.7,1.7,3.8,.440,0.7,2.2,.333,0.9,1.6,.589,.537,0.6,1.1,.541,0.5,2.3,2.7,0.5,0.3,0.5,0.3,1.6,4.7
311,Thon Maker,PF,21,DET,13,0,16.3,1.5,4.5,.345,0.7,2.3,.300,0.8,2.2,.393,.422,0.8,1.1,.714,0.8,2.2,2.9,1.2,0.4,1.0,0.8,1.6,4.5
312,Boban Marjanovic,C,30,TOT,43,11,11.5,2.6,4.1,.629,0.0,0.1,.000,2.6,4.1,.640,.629,1.9,2.5,.743,1.6,3.0,4.6,0.7,0.3,0.5,1.1,1.6,7.1
312,Boban Marjanovic,C,30,LAC,36,9,10.4,2.4,3.9,.607,0.0,0.1,.000,2.4,3.8,.616,.607,2.0,2.6,.758,1.5,2.7,4.2,0.6,0.3,0.5,1.0,1.6,6.7
312,Boban Marjanovic,C,30,PHI,7,2,17.0,3.9,5.4,.711,0.0,0.1,.000,3.9,5.3,.730,.711,1.3,2.0,.643,1.7,4.6,6.3,1.4,0.3,0.9,1.6,1.9,9.0
313,Lauri Markkanen,PF,21,CHI,45,44,33.0,6.8,15.5,.437,2.4,6.6,.368,4.3,8.9,.488,.515,3.3,3.8,.876,1.3,7.9,9.2,1.4,0.8,0.6,1.6,2.4,19.2
314,Jarell Martin,PF,24,ORL,34,1,8.0,1.1,2.6,.437,0.5,1.2,.405,0.6,1.3,.467,.534,0.2,0.3,.778,0.2,1.5,1.7,0.4,0.1,0.2,0.3,1.1,2.9
315,Frank Mason,PG,24,SAC,34,0,11.6,1.7,4.2,.415,0.3,1.5,.220,1.4,2.7,.522,.454,1.1,1.6,.679,0.1,1.0,1.1,2.4,0.5,0.1,0.9,0.9,4.9
316,Wesley Matthews,SF-SG,32,TOT,57,56,30.4,4.2,10.4,.404,2.3,6.1,.376,1.9,4.3,.443,.514,2.1,2.6,.808,0.4,2.0,2.4,2.3,0.8,0.2,1.3,2.4,12.7
316,Wesley Matthews,SF,32,DAL,44,44,29.8,4.4,10.7,.414,2.3,6.0,.380,2.1,4.7,.456,.520,2.0,2.5,.791,0.5,1.9,2.3,2.3,0.8,0.3,1.3,2.3,13.1
316,Wesley Matthews,SG,32,NYK,2,1,27.0,2.0,9.5,.211,1.0,5.0,.200,1.0,4.5,.222,.263,2.0,2.5,.800,0.5,1.0,1.5,2.5,0.5,0.5,1.0,1.0,7.0
316,Wesley Matthews,SG,32,IND,11,11,33.2,3.7,9.5,.394,2.5,6.6,.384,1.2,2.8,.419,.529,2.5,2.8,.871,0.2,2.6,2.8,2.2,1.1,0.1,1.4,3.0,12.5
317,Luc Mbah a Moute,PF,32,LAC,4,0,15.3,2.0,4.5,.444,0.5,1.5,.333,1.5,3.0,.500,.500,0.5,1.3,.400,0.5,1.3,1.8,0.5,0.3,0.3,0.5,2.0,5.0
318,Tahjere McCall,SG,24,BRK,1,0,8.0,2.0,3.0,.667,0.0,1.0,.000,2.0,2.0,1.000,.667,0.0,1.0,.000,0.0,1.0,1.0,0.0,0.0,0.0,0.0,2.0,4.0
319,Patrick McCaw,SG,23,TOT,22,1,13.1,0.9,2.3,.392,0.3,1.1,.292,0.6,1.2,.481,.461,0.5,0.5,.909,0.3,1.5,1.8,1.0,0.8,0.0,0.5,1.3,2.6
319,Patrick McCaw,SG,23,CLE,3,0,17.7,0.7,3.0,.222,0.3,1.3,.250,0.3,1.7,.200,.278,0.0,0.0,,0.0,1.0,1.0,0.7,0.7,0.0,1.0,0.3,1.7
319,Patrick McCaw,SG,23,TOR,19,1,12.4,0.9,2.2,.429,0.3,1.1,.300,0.6,1.2,.545,.500,0.5,0.6,.909,0.4,1.5,1.9,1.1,0.8,0.1,0.5,1.4,2.7
320,CJ McCollum,SG,27,POR,65,65,34.2,8.2,17.9,.461,2.4,6.4,.375,5.8,11.5,.509,.528,2.3,2.8,.840,0.9,3.2,4.0,2.8,0.8,0.4,1.6,2.5,21.2
321,T.J. McConnell,PG,26,PHI,61,1,20.2,3.0,5.5,.536,0.2,0.6,.324,2.8,4.9,.561,.553,0.4,0.6,.794,0.4,1.9,2.3,3.8,1.2,0.2,1.3,1.5,6.6
322,Doug McDermott,SF,27,IND,62,0,17.0,2.4,5.0,.476,1.1,2.7,.406,1.3,2.3,.560,.587,1.0,1.1,.855,0.2,1.2,1.4,0.9,0.2,0.1,0.5,1.3,6.8
323,JaVale McGee,C,31,LAL,59,46,20.9,4.9,7.9,.615,0.0,0.1,.125,4.9,7.8,.624,.616,1.3,1.9,.652,2.3,4.3,6.5,0.6,0.6,1.8,1.4,2.5,11.1
324,Rodney McGruder,SG,27,MIA,60,45,24.7,3.0,7.4,.411,1.3,3.7,.361,1.7,3.7,.460,.500,0.9,1.2,.743,0.9,2.8,3.7,1.8,0.6,0.2,1.0,1.9,8.3
325,Alfonzo McKinnie,SF,26,GSW,56,4,13.8,1.9,3.9,.489,0.6,1.6,.344,1.4,2.3,.589,.559,0.3,0.6,.529,1.2,2.2,3.4,0.4,0.2,0.2,0.4,1.8,4.7
326,Ben McLemore,SG,25,SAC,19,0,8.3,1.3,3.4,.391,0.9,2.2,.415,0.4,1.2,.348,.523,0.4,0.6,.667,0.2,0.7,0.9,0.2,0.3,0.2,0.3,1.2,3.9
327,Jordan McRae,SG,27,WAS,19,0,9.1,1.7,3.5,.500,0.4,0.8,.533,1.3,2.7,.490,.561,0.4,0.6,.583,0.2,0.9,1.1,0.6,0.3,0.3,0.5,0.6,4.3
328,Jodie Meeks,SG,31,TOR,2,0,12.0,3.0,6.5,.462,1.5,4.0,.375,1.5,2.5,.600,.577,0.0,0.0,,0.0,2.0,2.0,0.5,0.0,0.0,0.0,1.0,7.5
329,Salah Mejri,C,32,DAL,24,4,9.0,0.9,2.0,.438,0.1,0.3,.250,0.8,1.7,.475,.458,0.4,0.5,.769,0.9,1.8,2.7,0.7,0.3,0.4,0.4,1.1,2.3
330,De'Anthony Melton,PG,20,PHO,39,25,19.0,2.0,5.4,.373,0.7,2.1,.313,1.3,3.2,.413,.435,0.4,0.5,.833,0.5,2.0,2.5,3.2,1.4,0.5,1.4,2.3,5.1
331,Chimezie Metu,PF,21,SAS,28,0,5.0,0.6,1.9,.315,0.0,0.1,.000,0.6,1.9,.327,.315,0.5,0.6,.765,0.3,0.9,1.2,0.5,0.2,0.1,0.5,0.5,1.7
332,Khris Middleton,SF,27,MIL,64,64,31.2,6.1,14.2,.427,2.3,6.0,.377,3.8,8.2,.465,.508,3.0,3.5,.840,0.6,5.4,6.0,4.2,1.0,0.1,2.3,2.3,17.4
333,C.J. Miles,SF,31,TOT,51,1,16.0,2.0,5.7,.347,1.2,3.7,.312,0.8,2.0,.412,.448,0.9,1.1,.833,0.3,1.5,1.8,0.7,0.5,0.3,0.5,1.5,6.0
333,C.J. Miles,SF,31,TOR,40,1,14.1,1.8,5.2,.340,1.1,3.4,.314,0.7,1.7,.391,.444,0.9,1.1,.795,0.3,1.4,1.7,0.6,0.5,0.3,0.5,1.6,5.5
333,C.J. Miles,SF,31,MEM,11,0,22.9,2.8,7.7,.365,1.5,4.7,.308,1.4,3.0,.455,.459,0.9,0.9,1.000,0.1,2.0,2.1,1.3,0.6,0.5,0.6,1.5,8.0
334,Darius Miller,SF,28,NOP,61,15,25.4,2.7,6.9,.390,2.0,5.3,.368,0.7,1.6,.464,.532,0.8,1.0,.810,0.2,1.6,1.8,2.0,0.6,0.4,0.8,2.4,8.1
335,Malcolm Miller,SF,25,TOR,4,0,4.0,1.3,2.5,.500,1.3,2.0,.625,0.0,0.5,.000,.750,0.0,0.0,,0.0,0.3,0.3,0.3,0.0,0.0,0.0,0.0,3.8
336,Patty Mills,PG,30,SAS,67,1,23.6,3.5,8.1,.431,1.9,4.8,.397,1.6,3.3,.480,.548,1.1,1.4,.846,0.3,2.0,2.3,3.0,0.6,0.1,1.2,1.6,10.0
337,Paul Millsap,PF,33,DEN,54,49,26.4,4.6,9.4,.486,0.8,2.2,.347,3.8,7.2,.528,.527,2.6,3.6,.711,2.2,4.9,7.1,1.9,1.3,0.9,1.3,2.6,12.5
338,Shake Milton,SG,22,PHI,13,0,9.7,1.5,3.5,.435,0.8,1.9,.400,0.8,1.6,.476,.543,0.3,0.4,.800,0.5,1.0,1.5,1.0,0.3,0.2,0.2,1.1,4.2
339,Nikola Mirotic,PF,27,TOT,42,23,27.2,5.3,12.0,.442,2.6,7.0,.373,2.7,4.9,.541,.552,2.3,2.7,.850,1.3,6.3,7.6,1.2,0.7,0.8,1.0,2.4,15.5
339,Nikola Mirotic,PF,27,NOP,32,22,28.9,5.7,12.7,.447,2.7,7.2,.368,3.0,5.5,.551,.552,2.7,3.2,.842,1.4,6.8,8.3,1.1,0.7,0.8,1.2,2.7,16.7
339,Nikola Mirotic,PF,27,MIL,10,1,21.9,4.0,9.5,.421,2.5,6.4,.391,1.5,3.1,.484,.553,1.1,1.2,.917,0.7,4.8,5.5,1.4,0.7,0.7,0.6,1.5,11.6
340,Donovan Mitchell,SG,22,UTA,62,62,33.8,8.5,20.2,.423,2.3,6.9,.336,6.2,13.3,.468,.481,4.1,5.2,.795,0.8,3.3,4.0,4.1,1.5,0.4,3.0,2.7,23.5
341,Naz Mitrou-Long,SG,25,UTA,10,0,3.9,0.2,0.8,.250,0.1,0.6,.167,0.1,0.2,.500,.313,0.0,0.0,,0.0,0.2,0.2,0.4,0.0,0.0,0.3,0.5,0.5
342,Malik Monk,SG,20,CHO,60,0,17.6,3.3,8.6,.386,1.5,4.7,.325,1.8,3.9,.461,.476,1.4,1.6,.894,0.2,1.5,1.7,1.7,0.5,0.3,1.3,1.4,9.6
343,Greg Monroe,C,28,TOR,38,2,11.1,1.9,4.2,.460,0.0,0.1,.000,1.9,4.1,.471,.460,0.9,1.6,.574,1.6,2.5,4.1,0.4,0.3,0.2,0.8,1.6,4.8
344,E'Twaun Moore,SF,29,NOP,53,36,27.6,4.8,10.0,.481,1.4,3.3,.432,3.4,6.7,.506,.553,0.8,1.1,.763,0.7,1.7,2.4,1.9,0.8,0.2,1.1,2.1,11.9
345,Eric Moreland,PF,27,PHO,1,0,5.0,0.0,0.0,,0.0,0.0,,0.0,0.0,,,0.0,0.0,,0.0,3.0,3.0,0.0,0.0,0.0,0.0,1.0,0.0
346,Jaylen Morris,SG,23,MIL,4,0,7.3,1.0,2.5,.400,0.3,0.8,.333,0.8,1.8,.429,.450,0.3,0.5,.500,0.0,1.3,1.3,1.0,0.5,0.0,0.3,0.3,2.5
347,Marcus Morris,PF,29,BOS,63,46,27.4,5.2,11.2,.462,2.0,5.2,.379,3.2,6.0,.535,.550,1.8,2.2,.833,0.9,5.0,5.9,1.4,0.5,0.3,1.2,2.4,14.2
348,Markieff Morris,PF,29,TOT,44,16,24.0,3.8,9.0,.428,1.3,3.8,.335,2.6,5.2,.496,.499,1.5,1.9,.776,1.1,3.8,4.9,1.5,0.6,0.5,1.1,3.2,10.5
348,Markieff Morris,PF,29,WAS,34,15,26.0,4.2,9.6,.436,1.4,4.2,.333,2.8,5.4,.516,.509,1.7,2.1,.781,1.2,3.9,5.1,1.8,0.7,0.6,1.4,3.4,11.5
348,Markieff Morris,PF,29,OKC,10,1,17.1,2.6,6.7,.388,0.8,2.3,.348,1.8,4.4,.409,.448,0.9,1.2,.750,0.6,3.6,4.2,0.8,0.3,0.2,0.2,2.5,6.9
349,Monte Morris,PG,23,DEN,65,5,24.2,4.2,8.7,.488,1.1,2.7,.415,3.1,6.0,.521,.552,0.8,1.0,.794,0.4,2.2,2.6,3.8,0.9,0.0,0.6,1.2,10.4
350,Johnathan Motley,PF,23,LAC,17,0,7.9,1.8,3.7,.492,0.0,0.2,.000,1.8,3.5,.517,.492,1.3,2.0,.647,0.9,1.5,2.4,0.5,0.2,0.1,0.8,1.3,4.9
351,Emmanuel Mudiay,PG,22,NYK,48,32,25.9,5.4,12.1,.451,1.1,3.3,.321,4.4,8.8,.500,.495,2.1,2.9,.746,0.6,2.5,3.1,3.7,0.8,0.3,2.3,1.8,14.1
352,Jamal Murray,PG,21,DEN,59,58,33.0,6.8,15.9,.429,2.1,5.6,.377,4.7,10.3,.457,.495,2.5,2.9,.838,0.9,3.3,4.2,4.9,0.8,0.3,2.3,2.2,18.2
353,Dzanan Musa,SG,19,BRK,8,0,4.3,1.0,2.5,.400,0.0,1.1,.000,1.0,1.4,.727,.400,0.0,0.3,.000,0.1,0.4,0.5,0.1,0.3,0.0,0.5,0.1,2.0
354,Mike Muscala,PF,27,TOT,54,6,20.6,2.1,5.6,.385,1.4,4.0,.336,0.8,1.6,.512,.507,1.2,1.5,.815,1.0,2.9,3.8,1.2,0.3,0.6,0.8,2.2,6.9
354,Mike Muscala,PF,27,PHI,47,6,22.1,2.3,5.9,.392,1.4,4.2,.342,0.9,1.7,.519,.514,1.3,1.6,.818,1.1,3.2,4.3,1.3,0.4,0.6,0.9,2.4,7.4
354,Mike Muscala,PF,27,LAL,7,0,10.0,1.0,3.3,.304,0.7,2.6,.278,0.3,0.7,.400,.413,0.4,0.6,.750,0.1,0.7,0.9,0.6,0.0,0.7,0.0,1.1,3.1
355,Sviatoslav Mykhailiuk,SF-SG,21,TOT,41,0,10.6,1.1,3.4,.333,0.7,2.1,.330,0.4,1.2,.340,.438,0.3,0.5,.600,0.2,0.7,0.9,0.9,0.3,0.0,0.5,0.6,3.2
355,Sviatoslav Mykhailiuk,SF,21,LAL,39,0,10.8,1.1,3.4,.333,0.7,2.2,.318,0.4,1.2,.362,.436,0.3,0.5,.600,0.2,0.7,0.9,0.8,0.3,0.0,0.5,0.6,3.3
355,Sviatoslav Mykhailiuk,SG,21,DET,2,0,7.0,1.0,3.0,.333,1.0,1.5,.667,0.0,1.5,.000,.500,0.0,0.0,,0.0,0.5,0.5,2.0,0.0,0.0,0.5,0.0,3.0
356,Abdel Nader,SF,25,OKC,48,1,11.3,1.5,3.4,.451,0.5,1.4,.362,1.0,1.9,.516,.528,0.4,0.6,.778,0.2,1.6,1.9,0.3,0.3,0.2,0.4,1.1,4.0
357,Larry Nance,C,26,CLE,56,24,26.1,3.6,6.9,.521,0.4,1.3,.352,3.1,5.6,.559,.553,1.4,2.1,.698,2.5,5.4,7.9,3.0,1.4,0.6,1.4,2.9,9.1
358,Shabazz Napier,PG,27,BRK,54,2,17.4,3.0,7.7,.389,1.3,3.9,.329,1.7,3.7,.453,.473,2.1,2.6,.833,0.3,1.5,1.7,2.5,0.8,0.3,1.2,1.2,9.4
359,Raul Neto,PG,26,UTA,25,1,12.0,1.9,3.8,.490,0.5,1.5,.324,1.4,2.4,.593,.552,0.7,0.8,.850,0.1,1.5,1.6,2.3,0.4,0.0,0.9,1.2,4.9
360,Georges Niang,PF,25,UTA,44,0,7.1,1.0,2.4,.438,0.7,1.6,.408,0.4,0.8,.500,.576,0.2,0.3,.769,0.2,1.1,1.3,0.5,0.2,0.1,0.3,0.8,3.0
361,Joakim Noah,C,33,MEM,38,1,16.2,2.5,5.0,.505,0.0,0.0,.000,2.5,5.0,.508,.505,1.7,2.4,.707,1.4,4.1,5.5,2.1,0.5,0.8,1.2,2.2,6.8
362,Nerlens Noel,C,24,OKC,63,2,14.2,2.2,3.8,.567,0.0,0.0,,2.2,3.8,.567,.567,0.7,1.0,.734,1.7,2.8,4.5,0.6,1.0,1.3,0.6,2.3,5.1
363,Dirk Nowitzki,PF,40,DAL,35,5,13.1,2.0,5.9,.337,1.0,3.6,.280,1.0,2.3,.425,.422,0.7,0.9,.781,0.0,2.3,2.3,0.6,0.1,0.3,0.3,1.5,5.7
364,Frank Ntilikina,PG,20,NYK,41,16,21.3,2.3,6.7,.342,0.8,2.7,.291,1.5,4.0,.376,.400,0.5,0.7,.750,0.2,1.8,2.0,2.8,0.7,0.3,1.3,2.4,5.9
365,James Nunnally,SF,28,TOT,15,0,6.8,0.8,2.3,.353,0.5,1.7,.320,0.3,0.6,.444,.471,0.3,0.3,1.000,0.0,0.3,0.3,0.5,0.1,0.0,0.1,0.7,2.4
365,James Nunnally,SF,28,MIN,13,0,4.9,0.7,1.6,.429,0.4,1.0,.385,0.3,0.6,.500,.548,0.3,0.3,1.000,0.0,0.3,0.3,0.4,0.1,0.0,0.1,0.3,2.1
365,James Nunnally,SF,28,HOU,2,0,19.0,1.5,6.5,.231,1.5,6.0,.250,0.0,0.5,.000,.346,0.0,0.0,,0.0,0.5,0.5,1.0,0.0,0.0,0.0,3.0,4.5
366,Jusuf Nurkic,C,24,POR,65,65,27.3,5.7,11.1,.508,0.0,0.4,.107,5.6,10.7,.524,.510,3.9,5.1,.767,3.3,6.9,10.2,3.3,1.0,1.5,2.3,3.5,15.3
367,David Nwaba,SG,26,CLE,36,11,18.7,2.5,5.2,.484,0.6,1.6,.356,1.9,3.5,.543,.540,1.3,1.9,.652,0.8,2.2,3.0,1.1,0.7,0.3,0.6,2.0,6.8
368,Royce O'Neale,SF,25,UTA,66,12,19.6,2.0,4.2,.477,0.8,2.1,.404,1.2,2.1,.546,.576,0.4,0.6,.737,0.3,3.1,3.4,1.4,0.7,0.3,0.8,2.0,5.3
369,Kyle O'Quinn,C,28,IND,40,2,8.5,1.5,3.0,.504,0.0,0.3,.091,1.5,2.7,.546,.508,0.4,0.5,.789,0.7,2.1,2.7,1.2,0.2,0.5,0.7,1.6,3.4
370,Semi Ojeleye,PF,24,BOS,46,2,10.7,1.2,2.7,.424,0.5,1.6,.306,0.7,1.2,.585,.512,0.4,0.6,.643,0.5,1.1,1.6,0.4,0.2,0.1,0.4,0.8,3.2
371,Jahlil Okafor,C,23,NOP,47,16,14.5,3.2,5.5,.581,0.0,0.0,.000,3.2,5.5,.585,.581,1.0,1.4,.692,1.4,3.0,4.4,0.6,0.3,0.6,0.7,1.6,7.4
372,Elie Okobo,PG,21,PHO,43,11,18.1,2.1,5.5,.378,0.7,2.5,.274,1.4,3.1,.462,.439,0.7,0.9,.775,0.2,1.7,1.9,2.5,0.6,0.1,1.3,2.2,5.6
373,Josh Okogie,SG,20,MIN,59,37,22.8,2.5,6.8,.368,0.8,2.9,.270,1.7,3.8,.444,.427,1.5,2.1,.732,0.6,2.4,3.0,1.2,1.1,0.4,0.9,2.3,7.3
374,Victor Oladipo,SG,26,IND,36,36,31.9,6.9,16.3,.423,2.1,6.0,.343,4.9,10.3,.470,.486,2.9,3.9,.730,0.6,5.0,5.6,5.2,1.7,0.3,2.3,2.0,18.8
375,Kelly Olynyk,PF,27,MIA,63,20,22.0,3.4,7.2,.471,1.5,4.1,.365,1.9,3.1,.612,.576,1.8,2.3,.811,0.9,3.7,4.6,1.8,0.7,0.4,1.5,2.4,10.2
376,Cedi Osman,SF,23,CLE,61,60,31.7,4.7,10.9,.428,1.7,4.8,.347,3.0,6.1,.492,.505,1.9,2.4,.782,0.6,4.2,4.8,2.5,0.8,0.2,1.6,2.5,12.9
377,Kelly Oubre,SF,23,TOT,66,16,27.6,5.3,11.9,.440,1.6,4.9,.320,3.7,7.1,.524,.506,2.7,3.5,.774,1.0,3.7,4.7,1.2,1.2,0.9,1.4,2.6,14.8
377,Kelly Oubre,SF,23,WAS,29,7,26.0,4.6,10.5,.433,1.4,4.6,.311,3.1,6.0,.526,.500,2.3,2.9,.800,0.8,3.6,4.4,0.7,0.9,0.7,1.0,2.4,12.9
377,Kelly Oubre,SF,23,PHO,37,9,28.9,5.8,13.1,.445,1.7,5.1,.326,4.1,7.9,.522,.509,3.0,3.9,.759,1.2,3.8,4.9,1.6,1.3,1.0,1.7,2.8,16.3
378,Zaza Pachulia,C,34,DET,53,3,13.8,1.3,3.1,.423,0.0,0.1,.000,1.3,3.0,.434,.423,1.5,2.0,.769,1.7,2.7,4.3,1.3,0.5,0.3,0.8,2.2,4.1
379,Jabari Parker,PF,23,TOT,52,17,26.6,5.6,11.5,.490,1.0,3.0,.329,4.6,8.5,.546,.533,1.9,2.6,.713,1.1,5.2,6.3,2.4,0.7,0.4,2.4,2.2,14.1
379,Jabari Parker,PF,23,CHI,39,17,26.7,5.6,11.9,.474,0.9,2.9,.325,4.7,9.0,.523,.514,2.0,2.8,.731,1.1,5.1,6.2,2.2,0.6,0.4,2.2,2.2,14.3
379,Jabari Parker,PF,23,WAS,13,0,26.1,5.5,10.2,.545,1.1,3.2,.341,4.5,7.0,.637,.598,1.4,2.2,.643,1.3,5.5,6.8,3.3,0.9,0.6,3.1,2.0,13.5
380,Tony Parker,PG,36,CHO,54,0,18.0,3.7,8.3,.453,0.2,0.9,.217,3.6,7.4,.480,.464,1.6,2.3,.730,0.3,1.2,1.5,3.8,0.4,0.1,1.3,1.0,9.3
381,Chandler Parsons,SF,30,MEM,12,3,16.4,1.5,5.2,.290,0.8,3.2,.237,0.8,2.0,.375,.363,0.3,0.3,.750,0.1,2.0,2.1,1.0,0.7,0.2,1.0,1.8,4.0
382,Patrick Patterson,PF,29,OKC,59,5,14.4,1.4,3.7,.378,0.8,2.3,.338,0.6,1.4,.444,.484,0.3,0.5,.633,0.7,1.7,2.4,0.5,0.3,0.2,0.4,0.7,3.9
383,Justin Patton,C,21,PHI,3,0,7.0,0.7,2.3,.286,0.0,0.7,.000,0.7,1.7,.400,.286,0.3,0.7,.500,0.7,1.3,2.0,1.0,0.7,0.0,0.0,1.7,1.7
384,Chris Paul,PG,33,HOU,44,44,32.5,5.0,12.2,.411,2.1,6.0,.347,2.9,6.2,.473,.496,3.2,3.8,.848,0.6,4.0,4.5,8.3,2.0,0.3,2.9,2.6,15.3
385,Cameron Payne,PG,24,TOT,40,13,17.8,2.4,5.6,.430,0.6,2.1,.298,1.8,3.5,.511,.487,0.8,1.0,.805,0.3,1.5,1.8,2.7,0.7,0.2,1.1,1.6,6.3
385,Cameron Payne,PG,24,CHI,31,12,17.3,2.2,5.4,.411,0.5,1.9,.271,1.7,3.5,.486,.458,0.7,0.8,.880,0.3,1.4,1.7,2.7,0.6,0.2,1.1,1.6,5.7
385,Cameron Payne,PG,24,CLE,9,1,19.6,3.0,6.1,.491,1.0,2.8,.360,2.0,3.3,.600,.573,1.2,1.8,.688,0.3,1.8,2.1,2.6,0.9,0.3,1.2,1.7,8.2
386,Elfrid Payton,PG,24,NOP,29,29,28.4,4.2,9.3,.446,0.7,2.0,.351,3.5,7.4,.472,.483,1.0,1.5,.698,1.1,3.5,4.6,6.6,1.1,0.4,2.6,2.0,10.1
387,Gary Payton,PG,26,WAS,3,0,5.3,1.7,2.7,.625,0.3,0.7,.500,1.3,2.0,.667,.688,0.0,0.0,,0.3,0.3,0.7,1.3,1.0,0.3,0.3,0.7,3.7
388,Theo Pinson,SG,23,BRK,13,0,13.4,1.5,4.4,.333,0.7,2.6,.265,0.8,1.8,.435,.412,1.2,1.2,.938,0.2,2.2,2.4,1.4,0.4,0.0,1.1,0.8,4.8
389,Mason Plumlee,C,28,DEN,65,16,20.5,3.4,5.5,.611,0.0,0.1,.286,3.3,5.4,.617,.613,1.4,2.5,.552,2.1,4.1,6.2,2.7,0.8,0.9,1.6,3.2,8.1
390,Miles Plumlee,C,30,ATL,18,0,9.6,1.8,2.7,.667,0.0,0.0,,1.8,2.7,.667,.667,0.9,1.7,.533,0.9,1.3,2.2,0.9,0.3,0.2,0.6,0.8,4.4
391,Jakob Poeltl,C,23,SAS,62,12,15.6,2.4,3.7,.638,0.0,0.0,,2.4,3.7,.638,.638,0.7,1.2,.553,2.2,2.9,5.1,1.2,0.3,0.7,0.7,1.6,5.4
392,Quincy Pondexter,SF,30,SAS,46,0,5.7,0.6,1.2,.491,0.1,0.4,.333,0.4,0.8,.571,.547,0.7,0.8,.789,0.2,0.8,0.9,0.5,0.2,0.0,0.2,0.5,1.9
393,Otto Porter,SF,25,TOT,53,40,30.1,5.4,11.5,.468,1.8,4.5,.402,3.6,7.0,.511,.547,1.4,1.7,.800,1.0,4.7,5.7,2.2,1.5,0.6,1.2,2.0,13.9
393,Otto Porter,SF,25,WAS,41,28,29.0,4.9,10.8,.457,1.6,4.3,.369,3.3,6.5,.515,.531,1.2,1.6,.766,1.0,4.7,5.6,2.0,1.6,0.5,1.0,1.9,12.6
393,Otto Porter,SF,25,CHI,12,12,33.8,6.9,13.9,.497,2.6,5.3,.492,4.3,8.7,.500,.590,1.9,2.2,.885,1.2,4.7,5.8,3.1,1.4,0.8,1.8,2.1,18.3
394,Bobby Portis,PF,23,TOT,35,14,25.4,5.9,12.7,.463,1.5,3.6,.413,4.4,9.1,.483,.521,1.6,2.1,.770,2.1,6.0,8.1,1.3,0.7,0.4,1.6,3.1,14.9
394,Bobby Portis,PF,23,CHI,22,6,24.1,5.5,12.3,.450,1.2,3.3,.375,4.3,9.0,.477,.500,1.8,2.3,.780,2.1,5.2,7.3,1.3,0.5,0.4,1.3,2.8,14.1
394,Bobby Portis,PF,23,WAS,13,8,27.5,6.5,13.4,.483,1.9,4.2,.463,4.5,9.2,.492,.555,1.4,1.8,.750,2.2,7.2,9.4,1.3,1.0,0.4,2.0,3.8,16.2
395,Dwight Powell,C,27,DAL,62,7,19.6,3.5,5.9,.598,0.5,1.5,.313,3.0,4.4,.700,.639,2.3,3.0,.750,1.6,3.2,4.8,1.3,0.6,0.6,0.8,2.5,9.8
396,Norman Powell,SG,25,TOR,46,3,18.6,3.0,6.5,.465,1.0,2.8,.352,2.1,3.8,.549,.540,1.1,1.3,.831,0.3,1.7,2.0,1.5,0.6,0.2,1.1,1.7,8.1
397,Alex Poythress,PF,25,ATL,21,1,14.5,1.9,3.9,.494,0.4,1.1,.391,1.5,2.8,.534,.549,0.9,1.4,.621,1.4,2.2,3.6,0.8,0.2,0.5,0.6,2.2,5.1
398,Zhou Qi,PF,23,HOU,1,0,1.0,1.0,1.0,1.000,0.0,0.0,,1.0,1.0,1.000,1.000,0.0,0.0,,0.0,0.0,0.0,0.0,0.0,0.0,0.0,0.0,2.0
399,Ivan Rabb,PF,21,MEM,36,8,12.4,2.3,3.7,.619,0.1,0.2,.250,2.3,3.5,.643,.627,0.8,1.1,.683,1.4,2.5,3.9,0.9,0.2,0.3,0.7,1.4,5.4
400,Chasson Randle,PG,25,WAS,34,2,15.1,2.0,4.4,.444,0.9,2.3,.416,1.0,2.2,.473,.550,0.8,1.2,.667,0.2,1.0,1.2,2.0,0.6,0.0,1.0,2.1,5.7
401,Julius Randle,C,24,NOP,62,38,30.3,7.5,14.2,.526,0.9,2.5,.349,6.6,11.8,.562,.556,4.9,6.6,.743,2.1,6.7,8.7,3.0,0.7,0.6,2.6,3.4,20.7
402,J.J. Redick,SG,34,PHI,63,50,31.3,5.8,13.4,.434,3.0,7.8,.383,2.8,5.6,.504,.546,3.0,3.3,.899,0.3,2.1,2.4,2.7,0.4,0.2,1.3,1.7,17.6
403,Davon Reed,SG,23,IND,8,0,2.8,0.3,0.5,.500,0.1,0.1,1.000,0.1,0.4,.333,.625,0.0,0.0,,0.1,0.1,0.3,0.3,0.0,0.0,0.1,0.1,0.6
404,Cameron Reynolds,SG,23,MIN,4,0,11.3,1.0,3.3,.308,0.5,1.8,.286,0.5,1.5,.333,.385,0.5,0.5,1.000,0.3,0.8,1.0,0.3,0.3,0.3,0.0,0.5,3.0
405,Josh Richardson,SG,25,MIA,64,64,34.8,6.0,14.3,.420,2.3,6.4,.367,3.7,7.9,.463,.502,2.8,3.3,.858,0.7,2.8,3.5,4.0,1.0,0.5,1.6,2.8,17.2
406,Malachi Richardson,SG,23,TOR,22,0,4.7,0.4,1.3,.310,0.4,1.1,.320,0.0,0.2,.250,.448,0.2,0.2,.800,0.1,0.5,0.6,0.0,0.0,0.0,0.4,0.6,1.4
407,Austin Rivers,PG-SG,26,TOT,63,15,27.6,3.2,7.8,.409,1.5,4.5,.325,1.7,3.3,.521,.502,0.7,1.3,.536,0.4,2.0,2.3,2.3,0.6,0.3,1.0,2.9,8.6
407,Austin Rivers,SG,26,WAS,29,2,23.6,2.6,6.7,.392,1.1,3.7,.311,1.5,3.0,.489,.477,0.9,1.6,.543,0.4,2.1,2.4,2.0,0.6,0.3,1.2,2.5,7.2
407,Austin Rivers,PG,26,HOU,34,13,31.0,3.7,8.8,.420,1.7,5.2,.333,2.0,3.6,.545,.518,0.6,1.1,.526,0.4,1.9,2.2,2.6,0.6,0.3,0.8,3.2,9.7
408,Devin Robinson,SF,23,WAS,4,0,8.0,2.0,3.3,.615,0.0,0.0,,2.0,3.3,.615,.615,0.8,1.5,.500,0.5,1.3,1.8,0.5,0.8,0.3,0.0,0.5,4.8
409,Duncan Robinson,PF,24,MIA,9,1,8.6,0.9,2.2,.400,0.7,1.9,.353,0.2,0.3,.667,.550,0.1,0.2,.500,0.0,1.1,1.1,0.1,0.2,0.0,0.1,0.4,2.6
410,Glenn Robinson,SF,25,DET,39,18,12.8,1.5,3.7,.397,0.4,1.3,.275,1.1,2.4,.463,.445,0.7,0.9,.829,0.3,1.0,1.3,0.4,0.3,0.2,0.4,0.9,4.1
411,Jerome Robinson,SG,21,LAC,25,0,9.1,1.2,3.2,.370,0.6,1.7,.333,0.6,1.6,.410,.457,0.2,0.2,.667,0.1,1.0,1.1,0.4,0.3,0.1,0.2,1.4,3.1
412,Mitchell Robinson,C,20,NYK,51,12,19.1,2.9,4.1,.695,0.0,0.0,,2.9,4.1,.695,.695,1.1,1.8,.587,2.6,2.9,5.5,0.5,0.8,2.4,0.5,3.2,6.8
413,Rajon Rondo,PG,32,LAL,32,15,28.6,3.7,8.9,.414,1.0,2.8,.356,2.7,6.1,.441,.470,0.5,0.8,.625,0.8,4.5,5.3,7.7,1.0,0.2,2.7,2.4,8.8
414,Derrick Rose,PG,30,MIN,51,13,27.3,7.1,14.8,.482,1.1,2.9,.370,6.1,11.9,.509,.518,2.7,3.1,.856,0.6,2.1,2.7,4.3,0.6,0.2,1.6,1.1,18.0
415,Terrence Ross,SG,27,ORL,67,0,26.3,5.4,12.7,.426,2.5,6.7,.374,2.9,6.0,.483,.524,1.4,1.6,.870,0.3,3.1,3.4,1.6,0.9,0.4,1.1,1.6,14.7
416,Terry Rozier,PG,24,BOS,66,11,23.0,3.3,8.5,.389,1.5,4.3,.357,1.8,4.2,.422,.480,1.0,1.2,.802,0.4,3.6,4.0,3.0,0.9,0.3,0.9,1.3,9.2
417,Ricky Rubio,PG,28,UTA,56,55,28.8,4.5,11.2,.403,1.3,4.1,.322,3.2,7.1,.451,.462,2.5,3.0,.840,0.5,3.2,3.7,6.1,1.4,0.2,2.8,2.7,12.9
418,D'Angelo Russell,PG,22,BRK,68,68,29.9,7.8,18.0,.432,2.7,7.5,.363,5.1,10.5,.482,.508,2.0,2.5,.805,0.6,3.1,3.6,6.8,1.1,0.3,3.0,1.7,20.3
419,Domantas Sabonis,C,22,IND,60,5,24.8,5.6,9.2,.604,0.1,0.2,.571,5.4,9.0,.605,.611,2.9,4.0,.722,2.5,6.7,9.2,2.8,0.7,0.4,2.2,3.2,14.2
420,Brandon Sampson,SG,21,CHI,4,0,7.0,1.3,1.8,.714,0.5,1.0,.500,0.8,0.8,1.000,.857,0.0,0.0,,0.0,1.0,1.0,0.3,0.0,0.0,0.0,0.8,3.0
421,Dario Saric,PF,24,TOT,66,26,24.7,3.6,8.3,.431,1.5,4.0,.368,2.1,4.3,.488,.518,1.5,1.7,.858,1.6,4.2,5.7,1.6,0.6,0.1,1.2,2.2,10.1
421,Dario Saric,PF,24,PHI,13,13,30.5,3.7,10.2,.364,1.6,5.4,.300,2.1,4.8,.435,.443,2.1,2.3,.900,1.6,5.0,6.6,2.0,0.3,0.2,1.9,3.0,11.1
421,Dario Saric,PF,24,MIN,53,13,23.2,3.5,7.8,.452,1.4,3.6,.393,2.1,4.2,.502,.542,1.3,1.6,.843,1.5,4.0,5.5,1.5,0.6,0.1,1.0,2.0,9.8
422,Tomas Satoransky,SG,27,WAS,65,39,26.0,3.2,6.4,.499,0.8,2.0,.419,2.4,4.4,.535,.564,1.4,1.8,.807,1.0,2.4,3.4,4.7,1.0,0.2,1.4,2.2,8.6
423,Dennis Schroder,PG,25,OKC,64,12,28.8,5.9,14.2,.412,1.5,4.5,.333,4.4,9.8,.447,.464,2.4,3.0,.816,0.5,3.1,3.6,4.2,0.9,0.2,2.3,2.4,15.6
424,Mike Scott,PF,30,TOT,65,0,16.2,2.0,5.0,.399,1.2,3.0,.397,0.8,2.1,.403,.517,0.3,0.4,.655,0.5,2.8,3.3,0.9,0.4,0.2,0.6,1.9,5.5
424,Mike Scott,PF,30,LAC,52,0,14.4,1.8,4.4,.400,1.0,2.6,.391,0.8,1.9,.412,.513,0.2,0.3,.667,0.5,2.9,3.3,0.8,0.3,0.2,0.5,1.7,4.8
424,Mike Scott,PF,30,PHI,13,0,23.4,3.0,7.5,.398,1.9,4.7,.410,1.1,2.8,.378,.526,0.5,0.8,.636,0.7,2.5,3.2,1.0,0.5,0.2,0.9,2.6,8.5
425,Thabo Sefolosha,SF,34,UTA,36,0,10.3,1.1,2.3,.482,0.6,1.3,.478,0.5,1.0,.486,.614,0.2,0.4,.571,0.2,2.2,2.4,0.4,0.7,0.1,0.5,0.8,3.1
426,Wayne Selden,SG,24,TOT,61,5,18.2,2.4,5.8,.412,0.7,2.2,.323,1.7,3.6,.466,.473,0.9,1.2,.753,0.4,1.5,1.9,1.4,0.4,0.2,0.9,1.7,6.4
426,Wayne Selden,SG,24,MEM,32,0,14.2,2.0,5.0,.404,0.6,2.0,.317,1.4,3.1,.459,.466,0.7,0.9,.759,0.5,0.9,1.4,1.1,0.3,0.2,0.7,1.5,5.4
426,Wayne Selden,SG,24,CHI,29,5,22.6,2.8,6.6,.419,0.8,2.4,.329,2.0,4.2,.471,.479,1.1,1.5,.750,0.4,2.1,2.5,1.7,0.5,0.2,1.1,1.9,7.4
427,Collin Sexton,PG,20,CLE,67,57,30.7,5.8,14.1,.411,1.2,3.0,.394,4.6,11.1,.415,.453,2.6,3.1,.834,0.7,2.3,3.0,2.9,0.5,0.1,2.2,2.4,15.4
428,Landry Shamet,SG-PG,21,TOT,66,14,22.0,3.0,6.8,.441,2.0,4.8,.419,1.0,2.0,.496,.590,1.0,1.2,.833,0.2,1.3,1.6,1.2,0.5,0.1,0.5,2.0,9.0
428,Landry Shamet,SG,21,PHI,54,4,20.5,2.8,6.4,.441,1.8,4.5,.404,1.0,1.9,.529,.584,0.8,1.0,.815,0.3,1.2,1.4,1.1,0.4,0.1,0.5,2.0,8.3
428,Landry Shamet,PG,21,LAC,12,10,28.7,3.8,8.5,.441,2.9,6.3,.467,0.8,2.3,.370,.613,1.8,2.0,.875,0.2,2.0,2.2,1.8,0.8,0.1,0.8,2.1,12.2
429,Iman Shumpert,SG,28,TOT,50,40,24.6,2.9,7.7,.371,1.7,4.6,.358,1.2,3.1,.392,.479,0.7,0.8,.829,0.4,2.5,2.9,2.0,1.0,0.4,0.8,2.2,8.1
429,Iman Shumpert,SG,28,SAC,42,40,26.2,3.2,8.3,.382,1.8,4.8,.366,1.4,3.5,.404,.489,0.8,1.0,.829,0.5,2.6,3.1,2.2,1.1,0.5,0.9,2.2,8.9
429,Iman Shumpert,SG,28,HOU,8,0,16.4,1.3,4.6,.270,1.1,3.8,.300,0.1,0.9,.143,.392,0.0,0.0,,0.4,1.6,2.0,1.0,0.5,0.1,0.5,2.0,3.6
430,Pascal Siakam,PF,24,TOR,67,66,31.8,6.3,11.5,.549,0.9,2.6,.363,5.4,8.9,.602,.589,2.9,3.8,.774,1.6,5.4,7.0,3.0,0.9,0.7,1.8,3.0,16.4
431,Jordan Sibert,SG,26,ATL,1,0,4.0,1.0,1.0,1.000,1.0,1.0,1.000,0.0,0.0,,1.500,0.0,0.0,,0.0,0.0,0.0,0.0,0.0,0.0,0.0,0.0,3.0
432,Ben Simmons,PG,22,PHI,66,66,34.3,6.8,12.2,.562,0.0,0.1,.000,6.8,12.1,.564,.562,3.3,5.5,.599,2.2,6.9,9.2,7.9,1.4,0.7,3.7,2.5,17.0
433,Jonathon Simmons,SG-SF,29,TOT,51,9,19.1,2.3,6.3,.366,0.5,1.8,.245,1.8,4.4,.416,.402,1.3,1.7,.747,0.5,1.7,2.2,2.2,0.5,0.3,1.2,1.7,6.3
433,Jonathon Simmons,SG,29,ORL,41,9,20.6,2.5,7.0,.364,0.5,2.0,.229,2.1,5.0,.419,.397,1.4,1.8,.778,0.6,1.9,2.4,2.3,0.4,0.3,1.4,1.7,6.9
433,Jonathon Simmons,SF,29,PHI,10,0,12.9,1.3,3.4,.382,0.4,1.1,.364,0.9,2.3,.391,.441,0.9,1.5,.600,0.2,1.1,1.3,1.6,0.6,0.0,0.7,1.8,3.9
434,Kobi Simmons,PG,21,CLE,1,0,2.0,0.0,0.0,,0.0,0.0,,0.0,0.0,,,0.0,0.0,,0.0,0.0,0.0,0.0,0.0,0.0,0.0,0.0,0.0
435,Anfernee Simons,SG,19,POR,13,0,5.3,0.7,2.3,.300,0.1,0.9,.083,0.6,1.4,.444,.317,0.1,0.3,.250,0.0,0.5,0.5,0.3,0.0,0.0,0.6,0.5,1.5
436,Marcus Smart,SG,24,BOS,67,47,27.4,2.9,6.8,.419,1.6,4.3,.370,1.3,2.5,.503,.536,1.3,1.7,.795,0.7,2.2,2.9,4.0,1.8,0.4,1.5,2.5,8.7
437,Dennis Smith,PG,21,TOT,48,48,28.8,5.2,12.1,.431,1.3,3.9,.324,4.0,8.3,.481,.483,2.0,3.0,.644,0.6,2.3,2.9,4.9,1.3,0.4,2.9,2.5,13.7
437,Dennis Smith,PG,21,DAL,32,32,28.4,4.9,11.2,.440,1.3,3.9,.344,3.6,7.3,.491,.500,1.8,2.6,.695,0.6,2.5,3.0,4.3,1.3,0.3,3.1,2.6,12.9
437,Dennis Smith,PG,21,NYK,16,16,29.7,5.9,14.1,.418,1.1,3.8,.283,4.8,10.3,.467,.456,2.3,4.0,.578,0.6,2.1,2.7,6.2,1.4,0.6,2.3,2.5,15.1
438,Ish Smith,PG,30,DET,40,0,22.4,3.5,8.4,.417,0.9,2.6,.350,2.6,5.8,.446,.470,0.8,1.1,.744,0.3,2.2,2.4,3.5,0.5,0.3,1.2,2.0,8.7
439,J.R. Smith,SG,33,CLE,11,4,20.2,2.5,7.2,.342,1.1,3.5,.308,1.4,3.6,.375,.418,0.7,0.9,.800,0.0,1.6,1.6,1.9,1.0,0.3,1.0,1.7,6.7
440,Jason Smith,C-PF,32,TOT,18,1,9.4,1.1,2.8,.380,0.4,1.1,.368,0.7,1.7,.387,.450,0.7,0.8,.857,0.8,1.9,2.7,0.7,0.2,0.4,0.7,1.5,3.2
440,Jason Smith,C,32,WAS,12,1,10.8,1.3,3.1,.405,0.3,0.8,.400,0.9,2.3,.407,.459,0.8,1.0,.833,0.9,2.2,3.1,1.0,0.1,0.4,0.6,1.8,3.7
440,Jason Smith,PF,32,MIL,6,0,6.7,0.7,2.2,.308,0.5,1.5,.333,0.2,0.7,.250,.423,0.3,0.3,1.000,0.5,1.3,1.8,0.2,0.3,0.3,0.8,1.0,2.2
441,Tony Snell,SG,27,MIL,67,8,17.5,2.2,4.9,.456,1.1,2.8,.400,1.1,2.1,.528,.569,0.5,0.6,.892,0.4,1.6,2.0,0.9,0.3,0.2,0.3,1.1,6.0
442,Ray Spalding,PF,21,TOT,2,0,2.5,0.0,0.5,.000,0.0,0.0,,0.0,0.5,.000,.000,0.0,0.0,,0.0,0.5,0.5,0.0,0.0,0.0,0.0,0.0,0.0
442,Ray Spalding,PF,21,DAL,1,0,1.0,0.0,0.0,,0.0,0.0,,0.0,0.0,,,0.0,0.0,,0.0,0.0,0.0,0.0,0.0,0.0,0.0,0.0,0.0
442,Ray Spalding,PF,21,PHO,1,0,4.0,0.0,1.0,.000,0.0,0.0,,0.0,1.0,.000,.000,0.0,0.0,,0.0,1.0,1.0,0.0,0.0,0.0,0.0,0.0,0.0
443,Omari Spellman,PF,21,ATL,46,11,17.5,2.1,5.3,.402,1.0,2.8,.344,1.2,2.5,.466,.492,0.7,1.0,.711,1.6,2.7,4.2,1.0,0.6,0.5,0.7,1.5,5.9
444,Nik Stauskas,SG,25,TOT,54,0,15.1,2.0,5.1,.400,1.0,2.8,.346,1.1,2.3,.467,.496,0.8,0.9,.917,0.3,1.6,1.9,1.3,0.3,0.1,0.8,0.8,5.9
444,Nik Stauskas,SG,25,POR,44,0,15.3,2.2,5.2,.419,1.0,2.8,.344,1.2,2.4,.510,.513,0.7,0.8,.889,0.2,1.6,1.8,1.4,0.3,0.1,0.9,0.7,6.1
444,Nik Stauskas,SG,25,CLE,10,0,14.2,1.4,4.6,.304,1.0,2.8,.357,0.4,1.8,.222,.413,1.2,1.2,1.000,0.5,1.8,2.3,0.7,0.3,0.1,0.3,1.1,5.0
445,D.J. Stephens,SG,28,MEM,1,0,7.0,1.0,2.0,.500,0.0,0.0,,1.0,2.0,.500,.500,0.0,0.0,,0.0,0.0,0.0,0.0,1.0,0.0,1.0,0.0,2.0
446,Lance Stephenson,SG,28,LAL,61,0,15.6,2.7,6.2,.435,1.0,2.8,.379,1.7,3.4,.481,.520,0.7,1.1,.677,0.4,2.4,2.9,2.0,0.6,0.1,1.2,1.6,7.2
447,Edmond Sumner,PG,23,IND,19,2,8.9,0.8,2.6,.327,0.2,1.1,.200,0.6,1.5,.414,.367,0.3,0.6,.417,0.4,0.6,1.0,0.4,0.5,0.3,0.4,1.1,2.2
448,Caleb Swanigan,PF,21,POR,18,0,8.1,0.8,2.4,.318,0.1,0.3,.200,0.7,2.2,.333,.330,0.3,0.4,.857,0.7,2.2,2.9,0.4,0.2,0.0,0.9,1.2,1.9
449,Jayson Tatum,SF,20,BOS,67,67,31.1,6.0,13.2,.452,1.5,4.0,.368,4.5,9.2,.489,.508,2.7,3.1,.870,0.9,5.2,6.2,1.9,1.1,0.8,1.6,2.2,16.1
450,Jeff Teague,PG,30,MIN,42,41,30.1,4.2,9.9,.423,0.8,2.5,.333,3.4,7.4,.453,.465,2.9,3.6,.804,0.4,2.1,2.5,8.2,1.0,0.4,2.3,2.1,12.1
451,Garrett Temple,SG,32,TOT,61,51,28.7,2.9,7.0,.419,1.3,3.8,.332,1.7,3.2,.523,.509,1.1,1.5,.742,0.3,2.6,2.9,1.4,0.9,0.5,1.0,2.8,8.2
451,Garrett Temple,SG,32,MEM,49,49,31.2,3.4,7.9,.429,1.5,4.3,.352,1.9,3.6,.520,.525,1.2,1.6,.750,0.4,2.7,3.1,1.4,1.0,0.5,1.1,2.7,9.4
451,Garrett Temple,SG,32,LAC,12,2,18.6,1.1,3.3,.325,0.3,1.8,.136,0.8,1.5,.556,.363,0.8,1.1,.692,0.3,1.9,2.2,1.4,0.5,0.3,0.4,2.9,3.2
452,Milos Teodosic,PG,31,LAC,15,0,10.0,1.1,2.7,.425,0.7,1.8,.370,0.5,0.9,.538,.550,0.3,0.5,.571,0.2,0.9,1.1,2.1,0.2,0.1,1.4,1.8,3.2
453,Jared Terrell,SG,23,MIN,8,0,8.6,1.0,3.3,.308,0.5,1.4,.364,0.5,1.9,.267,.385,0.1,0.3,.500,0.1,0.4,0.5,0.9,0.4,0.1,0.9,1.0,2.6
454,Emanuel Terry,PF,22,TOT,3,0,7.7,1.3,2.3,.571,0.0,0.0,,1.3,2.3,.571,.571,0.7,1.3,.500,1.0,1.3,2.3,0.7,1.0,0.0,0.7,1.3,3.3
454,Emanuel Terry,PF,22,PHO,2,0,10.0,2.0,3.0,.667,0.0,0.0,,2.0,3.0,.667,.667,0.5,1.0,.500,1.0,2.0,3.0,0.5,1.5,0.0,1.0,2.0,4.5
454,Emanuel Terry,PF,22,MIA,1,0,3.0,0.0,1.0,.000,0.0,0.0,,0.0,1.0,.000,.000,1.0,2.0,.500,1.0,0.0,1.0,1.0,0.0,0.0,0.0,0.0,1.0
455,Daniel Theis,C,26,BOS,54,2,14.2,2.3,4.2,.556,0.4,1.1,.421,1.9,3.1,.601,.609,0.9,1.2,.758,1.4,2.3,3.6,1.1,0.4,0.6,0.6,2.5,6.0
456,Isaiah Thomas,PG,29,DEN,9,0,15.6,3.1,8.3,.373,1.0,3.7,.273,2.1,4.7,.452,.433,1.3,2.1,.632,0.6,0.8,1.3,1.7,0.3,0.1,1.8,1.4,8.6
457,Khyri Thomas,SG,22,DET,22,0,8.3,1.0,2.7,.350,0.5,1.5,.303,0.5,1.2,.407,.433,0.3,0.5,.636,0.2,0.7,0.9,0.3,0.3,0.2,0.2,1.0,2.7
458,Lance Thomas,PF,30,NYK,34,16,16.6,1.7,4.3,.390,0.5,1.7,.276,1.2,2.6,.466,.445,0.6,0.8,.778,0.5,2.0,2.5,0.6,0.5,0.2,0.4,2.0,4.4
459,Klay Thompson,SG,28,GSW,63,63,34.4,8.7,18.4,.472,3.1,7.8,.402,5.6,10.6,.524,.557,1.9,2.3,.819,0.5,3.4,3.9,2.3,1.2,0.6,1.6,2.1,22.4
460,Tristan Thompson,C,27,CLE,35,35,29.8,4.9,9.4,.526,0.0,0.0,,4.9,9.4,.526,.526,1.6,2.4,.647,4.4,6.7,11.1,2.1,0.8,0.5,1.4,2.3,11.5
461,Sindarius Thornwell,SG,24,LAC,50,1,5.3,0.3,0.9,.356,0.1,0.3,.200,0.3,0.6,.433,.389,0.4,0.5,.692,0.1,0.7,0.8,0.3,0.2,0.1,0.4,0.7,1.1
462,Anthony Tolliver,PF,33,MIN,50,0,15.8,1.5,3.8,.402,1.2,3.2,.384,0.3,0.6,.500,.563,0.7,0.9,.791,0.2,2.3,2.5,0.6,0.3,0.3,0.6,1.4,4.9
463,Karl-Anthony Towns,C,23,MIN,64,64,33.2,8.9,16.9,.524,1.9,4.8,.405,7.0,12.2,.571,.581,4.8,5.7,.836,3.4,8.8,12.3,3.3,0.9,1.7,2.9,3.8,24.5
464,Gary Trent,SG,20,POR,9,0,4.2,0.6,2.1,.263,0.3,1.0,.333,0.2,1.1,.200,.342,0.1,0.4,.250,0.0,0.4,0.4,0.1,0.0,0.1,0.1,0.1,1.6
465,Allonzo Trier,SG,23,NYK,60,3,22.9,3.6,8.0,.455,0.8,2.0,.413,2.8,5.9,.469,.507,2.9,3.6,.809,0.5,2.6,3.1,1.9,0.5,0.2,1.8,1.8,11.0
466,P.J. Tucker,PF,33,HOU,67,67,35.1,2.7,6.6,.404,1.8,4.8,.382,0.8,1.8,.459,.542,0.6,0.8,.673,1.6,4.5,6.1,1.3,1.6,0.4,0.8,3.1,7.7
467,Evan Turner,PG,30,POR,58,2,23.1,3.1,6.7,.459,0.1,0.8,.152,2.9,5.9,.500,.468,1.0,1.5,.706,0.6,4.0,4.6,3.8,0.5,0.2,1.7,1.6,7.3
468,Myles Turner,C,22,IND,60,60,28.3,5.2,10.5,.492,1.0,2.5,.403,4.2,8.1,.520,.540,1.7,2.4,.727,1.3,5.7,7.0,1.6,0.8,2.9,1.4,2.7,13.1
469,Ekpe Udoh,C,31,UTA,36,0,5.4,0.8,1.1,.725,0.0,0.0,,0.8,1.1,.725,.725,0.3,0.4,.625,0.4,0.8,1.1,0.4,0.1,0.5,0.2,0.6,1.9
470,Tyler Ulis,PG,23,CHI,1,0,1.0,0.0,0.0,,0.0,0.0,,0.0,0.0,,,0.0,0.0,,0.0,0.0,0.0,0.0,0.0,0.0,0.0,0.0,0.0
471,Jonas Valanciunas,C,26,TOT,40,18,20.5,5.6,9.7,.581,0.3,1.0,.300,5.3,8.7,.614,.597,2.7,3.3,.811,1.8,5.8,7.6,1.3,0.4,0.9,1.5,2.9,14.2
471,Jonas Valanciunas,C,26,TOR,30,10,18.8,5.0,8.6,.575,0.3,1.0,.300,4.7,7.6,.611,.593,2.6,3.1,.819,1.8,5.4,7.2,1.0,0.4,0.8,1.3,2.7,12.8
471,Jonas Valanciunas,C,26,MEM,10,8,25.6,7.6,12.8,.594,0.3,1.0,.300,7.3,11.8,.619,.605,3.0,3.8,.789,1.8,7.0,8.8,2.2,0.3,1.4,2.1,3.2,18.5
472,Jarred Vanderbilt,PF,19,DEN,8,0,2.6,0.1,0.6,.200,0.0,0.0,,0.1,0.6,.200,.200,0.1,0.5,.250,0.4,1.1,1.5,0.1,0.3,0.1,0.3,0.0,0.4
473,Fred VanVleet,PG,24,TOR,51,22,26.8,3.7,9.2,.403,1.7,4.5,.366,2.0,4.6,.439,.494,1.5,1.8,.833,0.4,2.3,2.7,4.6,0.9,0.2,1.3,1.8,10.5
474,Noah Vonleh,PF,23,NYK,66,55,25.5,3.1,6.5,.474,0.7,2.0,.341,2.4,4.4,.536,.528,1.6,2.3,.704,1.7,6.2,7.9,1.9,0.7,0.8,1.3,2.6,8.5
475,Nikola Vucevic,C,28,ORL,67,67,31.3,8.7,16.8,.521,1.1,2.9,.380,7.6,13.9,.550,.553,2.1,2.7,.770,2.8,9.2,12.0,4.0,1.0,1.2,2.0,1.9,20.7
476,Dwyane Wade,SG,37,MIA,56,0,25.6,5.5,12.6,.438,1.1,3.4,.321,4.4,9.1,.482,.482,2.0,3.1,.667,0.9,2.8,3.7,4.3,0.8,0.6,2.4,1.5,14.2
477,Moritz Wagner,C,21,LAL,27,1,8.2,1.4,3.4,.429,0.6,1.6,.341,0.9,1.7,.511,.511,0.6,0.9,.739,0.4,1.3,1.7,0.6,0.3,0.2,0.7,0.9,4.1
478,Dion Waiters,SG,27,MIA,28,14,24.1,3.9,9.5,.408,1.9,5.5,.353,1.9,4.0,.482,.509,0.6,1.1,.516,0.2,2.5,2.7,2.9,0.7,0.1,1.6,1.4,10.2
479,Kemba Walker,PG,28,CHO,67,67,34.9,8.7,20.3,.432,3.3,9.1,.359,5.5,11.2,.491,.512,4.4,5.3,.833,0.6,3.7,4.3,5.8,1.3,0.4,2.7,1.6,25.1
480,Lonnie Walker,SG,20,SAS,7,0,8.4,0.6,3.1,.182,0.3,0.9,.333,0.3,2.3,.125,.227,0.6,0.6,1.000,0.0,1.6,1.6,0.3,0.4,0.1,0.6,0.4,2.0
481,John Wall,PG,28,WAS,32,32,34.5,7.7,17.3,.444,1.6,5.3,.302,6.1,12.0,.507,.490,3.8,5.5,.697,0.5,3.2,3.6,8.7,1.5,0.9,3.8,2.2,20.7
482,Tyrone Wallace,PG,24,LAC,53,0,10.2,1.5,3.5,.415,0.1,0.3,.250,1.4,3.2,.430,.426,0.5,1.0,.510,0.4,1.3,1.7,0.7,0.4,0.1,0.5,1.3,3.5
483,Taurean Waller-Prince,SF,24,ATL,44,36,27.9,4.7,10.6,.441,2.1,5.6,.379,2.5,4.9,.512,.542,1.7,2.1,.824,0.5,3.3,3.8,2.1,1.0,0.3,1.8,2.6,13.2
484,Brad Wanamaker,PG,29,BOS,30,0,8.7,1.2,2.6,.443,0.5,1.1,.500,0.6,1.6,.404,.544,0.5,0.6,.941,0.1,0.9,1.0,1.3,0.3,0.0,0.5,0.7,3.4
485,T.J. Warren,SF,25,PHO,43,36,31.6,6.9,14.2,.486,1.8,4.2,.428,5.1,10.0,.510,.549,2.3,2.9,.815,0.7,3.3,4.0,1.5,1.2,0.7,1.2,2.8,18.0
486,Julian Washburn,SF,27,MEM,7,2,15.7,0.4,2.7,.158,0.1,1.1,.125,0.3,1.6,.182,.184,0.4,0.6,.750,0.6,2.3,2.9,0.4,0.6,0.0,0.4,0.7,1.4
487,Yuta Watanabe,SG,24,MEM,10,0,9.8,1.0,2.8,.357,0.2,0.9,.222,0.8,1.9,.421,.393,0.7,1.0,.700,0.1,1.8,1.9,0.4,0.2,0.1,0.4,0.3,2.9
488,Thomas Welsh,C,22,DEN,10,0,3.3,0.5,1.1,.455,0.3,0.7,.429,0.2,0.4,.500,.591,0.1,0.2,.500,0.0,0.4,0.4,0.4,0.0,0.0,0.1,0.2,1.4
489,Russell Westbrook,PG,30,OKC,59,59,35.8,8.7,20.3,.428,1.5,5.4,.284,7.2,14.9,.481,.466,4.2,6.5,.650,1.4,9.6,11.1,10.5,2.0,0.5,4.6,3.5,23.1
490,Derrick White,PG,24,SAS,52,40,25.7,3.9,7.9,.491,0.7,2.0,.340,3.2,5.8,.545,.535,1.4,1.8,.760,0.5,3.2,3.7,3.8,1.0,0.7,1.5,2.1,9.8
491,Okaro White,PF,26,WAS,3,0,2.0,0.0,0.7,.000,0.0,0.7,.000,0.0,0.0,,.000,0.0,0.0,,0.3,0.3,0.7,0.0,0.0,0.0,0.0,0.0,0.0
492,Hassan Whiteside,C,29,MIA,57,53,24.9,5.6,10.1,.554,0.0,0.3,.125,5.5,9.8,.566,.556,1.6,3.6,.434,3.8,8.3,12.1,0.9,0.7,2.0,1.5,2.8,12.8
493,Andrew Wiggins,SF,23,MIN,59,59,34.8,6.5,16.4,.400,1.6,4.7,.335,5.0,11.7,.426,.448,2.9,4.2,.700,1.2,3.7,4.8,2.4,1.0,0.7,1.8,2.1,17.6
494,Alan Williams,PF,26,BRK,3,0,5.7,1.3,2.7,.500,0.0,0.3,.000,1.3,2.3,.571,.500,0.7,1.3,.500,1.0,3.7,4.7,0.7,0.0,0.0,0.3,0.7,3.3
495,C.J. Williams,SG,28,MIN,10,0,6.9,0.7,1.7,.412,0.1,0.7,.143,0.6,1.0,.600,.441,0.0,0.0,,0.1,0.3,0.4,0.6,0.1,0.0,0.4,1.1,1.5
496,Johnathan Williams,C,23,LAL,9,0,14.8,2.6,4.4,.575,0.0,0.0,,2.6,4.4,.575,.575,0.3,1.0,.333,1.8,1.9,3.7,0.6,0.1,0.6,0.2,2.9,5.4
497,Kenrich Williams,SF,24,NOP,33,16,21.2,2.2,5.7,.396,1.0,3.1,.330,1.2,2.5,.476,.487,0.3,0.5,.647,1.1,3.5,4.5,1.5,0.7,0.4,0.7,1.9,5.8
498,Lou Williams,SG,32,LAC,62,0,26.5,6.6,15.3,.429,1.4,4.0,.359,5.2,11.4,.454,.476,5.8,6.6,.882,0.5,2.5,3.0,5.4,0.7,0.1,2.4,1.1,20.4
499,Marvin Williams,PF,32,CHO,65,65,28.8,3.8,8.9,.429,2.0,5.3,.380,1.8,3.7,.500,.541,0.9,1.2,.744,1.0,4.7,5.7,1.3,0.9,0.8,0.6,2.2,10.6
500,Robert Williams,C,21,BOS,27,0,8.4,1.1,1.6,.738,0.0,0.0,,1.1,1.6,.738,.738,0.3,0.5,.643,0.9,1.4,2.3,0.2,0.2,1.2,0.3,1.1,2.6
501,Troy Williams,SF,24,SAC,18,0,15.9,2.2,4.8,.460,0.8,2.3,.341,1.4,2.6,.565,.540,0.5,0.8,.600,0.5,2.6,3.1,0.6,0.6,0.4,0.4,1.9,5.7
502,D.J. Wilson,PF,22,MIL,34,0,16.9,1.9,4.5,.422,0.8,2.3,.354,1.1,2.2,.493,.513,0.3,0.8,.393,0.9,3.4,4.3,0.8,0.4,0.6,0.6,1.8,5.0
503,Justise Winslow,PF,22,MIA,59,46,29.8,4.8,11.2,.431,1.4,3.8,.377,3.4,7.5,.459,.495,1.4,2.2,.631,1.0,4.5,5.5,4.3,1.0,0.3,2.2,2.6,12.5
504,Christian Wood,PF,23,MIL,13,0,4.8,0.9,1.9,.480,0.2,0.4,.600,0.7,1.5,.450,.540,0.8,1.2,.667,0.3,1.2,1.5,0.2,0.0,0.0,0.2,0.2,2.8
505,Delon Wright,PG,26,TOT,61,4,20.2,2.9,6.6,.430,0.6,2.0,.306,2.2,4.7,.482,.475,1.3,1.5,.871,0.8,2.2,3.0,2.5,1.0,0.3,0.9,1.2,7.6
505,Delon Wright,PG,26,TOR,49,2,18.3,2.6,6.0,.433,0.6,1.8,.333,2.0,4.1,.478,.485,1.1,1.2,.869,0.8,1.8,2.6,2.2,0.9,0.3,0.8,1.1,6.9
505,Delon Wright,PG,26,MEM,12,2,27.8,3.9,9.3,.420,0.6,2.6,.226,3.3,6.8,.494,.451,2.3,2.7,.875,0.9,4.1,5.0,3.3,1.0,0.5,1.3,1.8,10.8
506,Guerschon Yabusele,PF,23,BOS,34,0,5.4,0.8,1.8,.433,0.1,0.6,.238,0.6,1.1,.538,.475,0.4,0.5,.722,0.5,0.6,1.2,0.4,0.2,0.2,0.4,0.8,2.1
507,Nick Young,SG,33,DEN,4,0,9.3,0.8,2.3,.333,0.8,2.0,.375,0.0,0.3,.000,.500,0.0,0.0,,0.0,0.3,0.3,0.5,0.0,0.3,0.5,1.0,2.3
508,Thaddeus Young,PF,30,IND,67,67,30.6,5.4,10.4,.525,0.6,1.7,.360,4.9,8.7,.557,.554,1.1,1.7,.635,2.4,4.0,6.4,2.4,1.6,0.5,1.4,2.5,12.6
509,Trae Young,PG,20,ATL,68,68,30.8,6.1,15.0,.408,1.9,5.8,.330,4.2,9.2,.456,.471,4.1,5.0,.822,0.7,2.8,3.5,7.8,0.8,0.2,3.9,1.7,18.3
510,Cody Zeller,C,26,CHO,49,47,25.4,3.9,7.0,.551,0.1,0.4,.273,3.8,6.6,.570,.559,2.3,2.9,.787,2.2,4.6,6.8,2.1,0.8,0.8,1.3,3.3,10.1
511,Tyler Zeller,C,29,ATL,1,0,7.0,0.0,2.0,.000,0.0,1.0,.000,0.0,1.0,.000,.000,0.0,0.0,,2.0,2.0,4.0,0.0,0.0,0.0,0.0,2.0,0.0
512,Ante Zizic,C,22,CLE,47,17,17.4,2.9,5.4,.544,0.0,0.0,,2.9,5.4,.544,.544,1.5,2.1,.722,1.7,3.6,5.3,0.7,0.3,0.4,1.0,1.9,7.3
513,Ivica Zubac,C,21,TOT,45,24,16.8,3.5,6.2,.563,0.0,0.0,,3.5,6.2,.563,.563,1.8,2.2,.790,1.6,3.9,5.5,1.0,0.2,0.8,1.1,2.4,8.7
513,Ivica Zubac,C,21,LAL,33,12,15.6,3.4,5.8,.580,0.0,0.0,,3.4,5.8,.580,.580,1.7,2.0,.864,1.6,3.3,4.9,0.8,0.1,0.8,1.0,2.2,8.5
513,Ivica Zubac,C,21,LAC,12,12,20.2,3.8,7.2,.523,0.0,0.0,,3.8,7.2,.523,.523,1.8,2.8,.647,1.6,5.7,7.3,1.8,0.3,0.9,1.4,2.8,9.3
